Nikita Kucherov;9500000;TBL;F
Brayden Point;9500000;TBL;F
Steven Stamkos;0;TBL;F
Anthony Cirelli;6250000;TBL;F
Nicholas Paul;3150000;TBL;F
Tanner Jeannot;2665000;TBL;F
Conor Sheary;2000000;TBL;F
Brandon Hagel;6500000;TBL;F
Josh Archibald;800000;TBL;F
Michael Eyssimont;800000;TBL;F
Luke Glendening;800000;TBL;F
Tyler Motte;0;TBL;F
Logan Brown;0;TBL;F
Alex Barre Boulet;0;TBL;F
Mikhail Sergachev;8500000;TBL;D
Victor Hedman;7875000;TBL;D
Erik Cernak;5200000;TBL;D
Nick Perbix;1125000;TBL;D
Zach Bogosian;0;TBL;D
Calvin De Haan;0;TBL;D
Haydn Fleury;0;TBL;D
Darren Raddysh;975000;TBL;D
Andrei Vasilevskiy;9500000;TBL;G
Jonas Johansson;775000;TBL;G
Brent Seabrook;0;TBL;None
Austin Watson;0;TBL;None
Ilya Usau;897500;TBL;F
Waltteri Merela;0;TBL;F
Maxim Groshev;867500;TBL;F
Lucas Edmonds;861667;TBL;F
Bennett Macarthur;859167;TBL;F
Felix Robert;0;TBL;F
Jaydon Dureau;841667;TBL;F
Gage Goncalves;0;TBL;F
Jack Finley;797500;TBL;F
Gabriel Fortier;0;TBL;F
Cole Koepke;0;TBL;F
Mitchell Chaffee;0;TBL;F
Philippe Myers;0;TBL;D
Emil Martinsen Lilleberg;870000;TBL;D
Maxwell Crozier;867500;TBL;D
Declan Carlile;0;TBL;D
Jack Thompson;828333;TBL;D
Roman Schmidt;805833;TBL;D
Sean Day;0;TBL;D
Hugo Alnefelt;0;TBL;G
Matt Tomkins;775000;TBL;G
Alex Ovechkin;9500000;WAS;F
Nicklas Backstrom;9200000;WAS;F
Evgeny Kuznetsov;7800000;WAS;F
Tj Oshie;5750000;WAS;F
Anthony Mantha;0;WAS;F
Tom Wilson;6500000;WAS;F
Dylan Strome;5000000;WAS;F
Sonny Milano;1900000;WAS;F
Nic Dowd;1300000;WAS;F
Nicolas Aube Kubel;0;WAS;F
Joe Snively;0;WAS;F
Aliaksei Protas;0;WAS;F
John Carlson;8000000;WAS;D
Nick Jensen;4050000;WAS;D
Trevor Van Riemsdyk1;3000000;WAS;D
Martin Fehervary;2675000;WAS;D
Joel Edmundson;0;WAS;D
Rasmus Sandin;0;WAS;D
Alexander Alexeyev;825000;WAS;D
Darcy Kuemper;5250000;WAS;G
Charlie Lindgren;1100000;WAS;G
Max Pacioretty;0;WAS;None
Ivan Miroshnichenko;950000;WAS;F
Andrew Cristall;905000;WAS;F
Pierrick Dube;870000;WAS;F
Hendrix Lapierre;863333;WAS;F
Connor Mcmichael;0;WAS;F
Henry Rybinski;859167;WAS;F
Bogdan Trineyev;859167;WAS;F
Ryan Hofer;851667;WAS;F
Ludwig Persson;846667;WAS;F
Alexander Suzdalev;846667;WAS;F
Ethen Frank;0;WAS;F
Riley Sutter;0;WAS;F
Alex Limoges;0;WAS;F
Matthew Phillips;0;WAS;F
Michael Sgarbossa;775000;WAS;F
Beck Malenstyn;0;WAS;F
Hardy Haman Aktell;0;WAS;D
Vincent Iorio;814167;WAS;D
Dylan Mcilrath;775000;WAS;D
Chase Priskie;0;WAS;D
Lucas Johansen;0;WAS;D
Mitchell Gibson;0;WAS;G
Clay Stevenson;0;WAS;G
Garin Bjorklund;843333;WAS;G
Hunter Shepard;775000;WAS;G
Jordan Kyrou;8125000;STL;F
Robert Thomas;8125000;STL;F
Brayden Schenn;6500000;STL;F
Pavel Buchnevich;5800000;STL;F
Brandon Saad;4500000;STL;F
Kevin Hayes;3571429;STL;F
Kasperi Kapanen;0;STL;F
Jakub Vrana;0;STL;F
Alexey Toropchenko;1250000;STL;F
Samuel Blais;0;STL;F
Jake Neighbours;835833;STL;F
Nikita Alexandrov;0;STL;F
Oskar Sundqvist;0;STL;F
Justin Faulk;6500000;STL;D
Torey Krug;6500000;STL;D
Colton Parayko;6500000;STL;D
Nick Leddy;4000000;STL;D
Marco Scandella;0;STL;D
Robert Bortuzzo;0;STL;D
Tyler Tucker;800000;STL;D
Calle Rosen;0;STL;D
Jordan Binnington;6000000;STL;G
Joel Hofer;775000;STL;G
Tanner Dickinson;826667;STL;None
Dalibor Dvorsky;950000;STL;F
Andre Heim;0;STL;F
Zachary Bolduc;863333;STL;F
Keean Washkurak;0;STL;F
Zach Dean;852500;STL;F
Mikhail Abramov;0;STL;F
Adam Gaudette;0;STL;F
Mathias Laferriere;0;STL;F
Hugh Mcging;0;STL;F
Mackenzie Maceachern;775000;STL;F
Nathan Walker;0;STL;F
Will Bitten;0;STL;F
Matthew Peca;0;STL;F
Anton Malmstrom;910000;STL;D
Matthew Kessel;0;STL;D
Michael Buchinger;870000;STL;D
Leo Loof;867500;STL;D
Hunter Skinner;0;STL;D
Marc Andre Gaudet;830000;STL;D
Jeremie Biakabutuka;825000;STL;D
Scott Perunovich;0;STL;D
Josh Jacobs;0;STL;D
Wyatt Kalynuk;0;STL;D
Colten Ellis;0;STL;G
Vadim Zherenko;846667;STL;G
Will Cranley;841667;STL;G
Malcolm Subban;0;STL;G
Connor Mcdavid;12500000;EDM;F
Leon Draisaitl;8500000;EDM;F
Zach Hyman;5500000;EDM;F
Evander Kane;5125000;EDM;F
Ryan Nugent Hopkins;5125000;EDM;F
Warren Foegele;0;EDM;F
Ryan Mcleod;2100000;EDM;F
Mattias Janmark;0;EDM;F
Dylan Holloway;0;EDM;F
Derek Ryan;900000;EDM;F
Raphael Lavoie;0;EDM;F
Connor Brown;0;EDM;F
Lane Pederson;775000;EDM;F
Darnell Nurse;9250000;EDM;D
Mattias Ekholm;6000000;EDM;D
Evan Bouchard;3900000;EDM;D
Cody Ceci;3250000;EDM;D
Brett Kulak;2750000;EDM;D
Vincent Desharnais;0;EDM;D
Markus Niemelainen;0;EDM;D
Jack Campbell;5000000;EDM;G
Stuart Skinner;2600000;EDM;G
Brandon Sutter;0;EDM;None
Sam Gagner;0;EDM;None
Carl Berglund;950000;EDM;F
Xavier Bourgault;925000;EDM;F
Carter Savoie;0;EDM;F
Jayden Grubbe;867500;EDM;F
Jake Chiasson;843333;EDM;F
Tyler Tullio;823333;EDM;F
James Hamblin;0;EDM;F
Matvei Petrov;803333;EDM;F
Drake Caggiula;775000;EDM;F
Seth Griffith;0;EDM;F
Brad Malone;0;EDM;F
Greg Mckegg;0;EDM;F
Philip Broberg;0;EDM;D
Noel Hoefenmayer;0;EDM;D
Maximus Wanner;828333;EDM;D
Philip Kemp;775000;EDM;D
Cam Dineen;0;EDM;D
Benjamin Gleason;775000;EDM;D
Ryan Fanti;0;EDM;G
Olivier Rodrigue;0;EDM;G
Calvin Pickard;0;EDM;G
Troy Terry;7000000;ANA;F
Alex Killorn;6250000;ANA;F
Adam Henrique;0;ANA;F
Jakob Silfverberg;0;ANA;F
Ryan Strome;5000000;ANA;F
Frank Vatrano;3650000;ANA;F
Brock Mcginn;2750000;ANA;F
Max Jones;0;ANA;F
Leo Carlsson;950000;ANA;F
Mason Mctavish;894167;ANA;F
Sam Carrick;0;ANA;F
Brett Leason;0;ANA;F
Trevor Zegras;0;ANA;F
Cam Fowler;6500000;ANA;D
Radko Gudas;4000000;ANA;D
Ilya Lyubushkin;0;ANA;D
Jackson Lacombe;0;ANA;D
Robert Hagg;0;ANA;D
Colton White;0;ANA;D
Jamie Drysdale;0;ANA;D
John Gibson;6400000;ANA;G
Lukas Dostal;812500;ANA;G
Alex Stalock;0;ANA;G
Isac Lundestrom;0;ANA;None
Urho Vaakanainen;0;ANA;None
Zack Kassian;0;ANA;None
Scott Harrington;0;ANA;None
Nikita Nesterenko;0;ANA;F
Nathan Gaucher;918333;ANA;F
Blake Mclaughlin;0;ANA;F
Joshua Lopina;878333;ANA;F
Jacob Perreault;863333;ANA;F
Brayden Tracey;0;ANA;F
Pavol Regenda;0;ANA;F
Jaxsen Wiebe;852500;ANA;F
Judd Caulfield;837500;ANA;F
Sasha Pastujov;825000;ANA;F
Andrew Agozzino;0;ANA;F
Benoit Olivier Groulx;0;ANA;F
Chase De Leo;0;ANA;F
Glenn Gawdin;0;ANA;F
Drew Helleson;925000;ANA;D
Pavel Mintyukov;918333;ANA;D
Tristan Luneau;896667;ANA;D
Noah Warren;896667;ANA;D
Olen Zellweger;844167;ANA;D
Tyson Hinds;829444;ANA;D
Trevor Carrick;0;ANA;D
Calle Clang;878333;ANA;G
Gage Alexander;810000;ANA;G
Kyle Connor;7142857;WPG;F
Mark Scheifele;0;WPG;F
Nikolaj Ehlers;6000000;WPG;F
Alex Iafallo;4000000;WPG;F
Nino Niederreiter;0;WPG;F
Gabriel Vilardi;3437500;WPG;F
Adam Lowry;3250000;WPG;F
Mason Appleton;2166667;WPG;F
Vladislav Namestnikov;2000000;WPG;F
Morgan Barron;1350000;WPG;F
Rasmus Kupari;1000000;WPG;F
David Gustafsson;0;WPG;F
Axel Jonsson Fjallby;775000;WPG;F
Joshua Morrissey;6250000;WPG;D
Nate Schmidt;5950000;WPG;D
Neal Pionk;5875000;WPG;D
Brenden Dillon;0;WPG;D
Dylan Demelo;0;WPG;D
Dylan Samberg;1400000;WPG;D
Logan Stanley;0;WPG;D
Kyle Capobianco;0;WPG;D
Connor Hellebuyck;0;WPG;G
Laurent Brossoit;0;WPG;G
Cole Perfetti;0;WPG;None
Brad Lambert;918333;WPG;F
Chaz Lucius;894167;WPG;F
Nikita Chibrikov;875833;WPG;F
Parker Ford;867500;WPG;F
Daniel Torgersson;867500;WPG;F
Henri Nikkanen;859167;WPG;F
Fabian Wagner;858333;WPG;F
Jansen Harkins;0;WPG;F
Danil Zhilkin;831667;WPG;F
Wyatt Bongiovanni;0;WPG;F
Kristian Reichel;0;WPG;F
Dominic Toninato;775000;WPG;F
Jeffrey Viel;0;WPG;F
Jeff Malott;0;WPG;F
Ville Heinola;0;WPG;D
Simon Lundmark;0;WPG;D
Tyrel Bauer;850000;WPG;D
Elias Salomonsson;846667;WPG;D
Dmitri Kuzmin;795556;WPG;D
Artemi Kniazev;0;WPG;D
Ashton Sautner;0;WPG;D
Declan Chisholm;0;WPG;D
Domenic Divincentiis;858333;WPG;G
Oskari Salminen;0;WPG;G
Collin Delia;0;WPG;G
Jt Miller;8000000;VAN;F
Elias Pettersson;0;VAN;F
Brock Boeser;6650000;VAN;F
Andrei Kuzmenko;5500000;VAN;F
Conor Garland;4950000;VAN;F
Anthony Beauvillier;0;VAN;F
Teddy Blueger;0;VAN;F
Pius Suter;1600000;VAN;F
Nils Hoglander;1100000;VAN;F
Dakota Joshua;0;VAN;F
Phillip Di Giuseppe;775000;VAN;F
Sheldon Dries;0;VAN;F
Jack Studnicka;0;VAN;F
Quinn Hughes;7850000;VAN;D
Tyler Myers;0;VAN;D
Filip Hronek;0;VAN;D
Carson Soucy;3250000;VAN;D
Ian Cole;0;VAN;D
Jack Rathbone;0;VAN;D
Guillaume Brisebois;775000;VAN;D
Matt Irwin;0;VAN;D
Thatcher Demko;5000000;VAN;G
Spencer Martin;0;VAN;G
Ilya Mikheyev;4750000;VAN;None
Tanner Pearson;0;VAN;None
Tucker Poolman;2500000;VAN;None
Jonathan Lekkerimaki;950000;VAN;F
Aidan Mcdonough;0;VAN;F
Vasily Podkolzin;0;VAN;F
Nils Aman;0;VAN;F
Linus Karlsson;0;VAN;F
Tristen Nielsen;870000;VAN;F
Max Sasson;870000;VAN;F
Karel Plasek;0;VAN;F
Josh Bloom;836667;VAN;F
Aatu Raty;836667;VAN;F
Danila Klimovich;833333;VAN;F
Arshdeep Bains;816667;VAN;F
Cole Mcward;0;VAN;D
Filip Johansson;0;VAN;D
Elias Pettersson2;870000;VAN;D
Kirill Kudryavtsev;850000;VAN;D
Akito Hirose;787500;VAN;D
Jett Woo;0;VAN;D
Noah Juulsen;775000;VAN;D
Christian Wolanin;775000;VAN;D
Nikita Tolopilo;950000;VAN;G
Arturs Silovs;0;VAN;G
Zach Sawchenko;0;VAN;G
Nick Suzuki;7875000;MTL;F
Brendan Gallagher;6500000;MTL;F
Josh Anderson;5500000;MTL;F
Christian Dvorak;4450000;MTL;F
Joel Armia;3400000;MTL;F
Kirby Dach;3362500;MTL;F
Alex Newhook;2900000;MTL;F
Jake Evans;1700000;MTL;F
Rafael Harvey Pinard;1100000;MTL;F
Michael Pezzetta;812500;MTL;F
Jesse Ylonen;0;MTL;F
Michael Matheson;4875000;MTL;D
David Savard;3500000;MTL;D
Jordan Harris;1400000;MTL;D
David Reinbacher;950000;MTL;D
Gustav Lindstrom;0;MTL;D
Justin Barron;0;MTL;D
Kaiden Guhle;863333;MTL;D
Johnathan Kovacevic;766667;MTL;D
Chris Wideman;0;MTL;D
Jake Allen;3850000;MTL;G
Casey Desmith;0;MTL;G
Samuel Montembeault;0;MTL;G
Cole Caufield;7850000;MTL;None
Sean Monahan;0;MTL;None
Juraj Slafkovsky;950000;MTL;None
Arber Xhekaj;0;MTL;None
Carey Price;10500000;MTL;None
Filip Mesar;918333;MTL;F
Sean Farrell;897500;MTL;F
Emil Heineman;897500;MTL;F
Owen Beck;885000;MTL;F
Xavier Simoneau;855000;MTL;F
Riley Kidney;836667;MTL;F
Joshua Roy;835000;MTL;F
Jan Mysak;828333;MTL;F
Nathan Legare;0;MTL;F
Philippe Maillet;0;MTL;F
Lucas Condotta;775000;MTL;F
Mitchell Stephens;0;MTL;F
Lias Andersson;0;MTL;F
Logan Mailloux;875000;MTL;D
Jayden Struble;867500;MTL;D
Mattias Norlinder;0;MTL;D
William Trudeau;856667;MTL;D
Nicolas Beaudin;0;MTL;D
Brady Keeper;0;MTL;D
Jakub Dobes;925000;MTL;G
Cayden Primeau;890000;MTL;G
Auston Matthews;13250000;TOR;F
John Tavares;11000000;TOR;F
Mitchell Marner;10903000;TOR;F
William Nylander;0;TOR;F
Tyler Bertuzzi;0;TOR;F
Max Domi;0;TOR;F
David Kampf;2400000;TOR;F
Calle Jarnkrok;2100000;TOR;F
Ryan Reaves;1350000;TOR;F
Sam Lafferty;0;TOR;F
Matthew Knies;925000;TOR;F
Pontus Holmberg;800000;TOR;F
Dylan Gambrell;0;TOR;F
Morgan Rielly;7500000;TOR;D
Tj Brodie;0;TOR;D
John Klingberg;0;TOR;D
Jake Mccabe;2000000;TOR;D
Timothy Liljegren;0;TOR;D
Conor Timmins;1100000;TOR;D
Mark Giordano;0;TOR;D
Ilya Samsonov;0;TOR;G
Martin Jones;0;TOR;G
Joseph Woll;766667;TOR;G
Nicholas Robertson;0;TOR;None
Jake Muzzin;0;TOR;None
Matt Murray1;0;TOR;None
Noah Gregor;0;TOR;None
Easton Cowan;935833;TOR;F
Roni Hirvonen;856667;TOR;F
Ryan Tverberg;851667;TOR;F
Fraser Minten;845833;TOR;F
Max Ellis;0;TOR;F
Dmitry Ovchinnikov;0;TOR;F
Alex Steeves;0;TOR;F
Braeden Kressler;800556;TOR;F
Ty Voit;800556;TOR;F
Nick Abruzzese;775000;TOR;F
Kyle Clifford;0;TOR;F
Bobby Mcmann;0;TOR;F
Topi Niemela;856667;TOR;D
Mikko Kokkonen;846667;TOR;D
William Villeneuve;817778;TOR;D
Marshall Rifai;775000;TOR;D
Simon Benoit;0;TOR;D
William Lagesson;0;TOR;D
Maxime Lajoie;0;TOR;D
Artur Akhtiamov;851667;TOR;G
Vyacheslav Peksa;851667;TOR;G
Dennis Hildeby;843333;TOR;G
Keith Petruzzelli;0;TOR;G
Jack Eichel;10000000;VGK;F
Mark Stone;9500000;VGK;F
William Karlsson;5900000;VGK;F
Jonathan Marchessault;0;VGK;F
Ivan Barbashev;5000000;VGK;F
Nicolas Roy;3000000;VGK;F
Chandler Stephenson;0;VGK;F
Brett Howden;1900000;VGK;F
William Carrier;0;VGK;F
Keegan Kolesar;1400000;VGK;F
Pavel Dorofeyev;0;VGK;F
Paul Cotter;775000;VGK;F
Michael Amadio;0;VGK;F
Alex Pietrangelo;8800000;VGK;D
Alec Martinez;0;VGK;D
Shea Theodore;5200000;VGK;D
Brayden Mcnabb;2850000;VGK;D
Zach Whitecloud;2750000;VGK;D
Nicolas Hague;2294150;VGK;D
Ben Hutton;0;VGK;D
Brayden Pachal;775000;VGK;D
Adin Hill;4900000;VGK;G
Logan Thompson;766667;VGK;G
Robin Lehner;5000000;VGK;None
David Edstrom;950000;VGK;F
Brendan Brisson;925000;VGK;F
Ivan Morozov;0;VGK;F
Matyas Sapovaliv;831667;VGK;F
Jakub Brabenec;828333;VGK;F
Mason Primeau;0;VGK;F
Marcus Kallionkieli;0;VGK;F
Mason Morelli;775000;VGK;F
Gage Quinney;775000;VGK;F
Mason Geertsen;775000;VGK;F
Jonas Rondbjerg;766667;VGK;F
Byron Froese;0;VGK;F
Sheldon Rempal;0;VGK;F
Dysin Mayo;950000;VGK;D
Layton Ahac;0;VGK;D
Christoffer Sedoff;870000;VGK;D
Joe Fleming;836667;VGK;D
Daniil Chayka;825000;VGK;D
Lukas Cormier;793333;VGK;D
Kaedan Korczak;0;VGK;D
Daniil Miromanov;0;VGK;D
Jesper Vikman;858000;VGK;G
Isaiah Saville;0;VGK;G
Carl Lindbom;840000;VGK;G
Jiri Patera;0;VGK;G
Jonathan Huberdeau;10500000;CGY;F
Nazem Kadri;7000000;CGY;F
Andrew Mangiapane;5800000;CGY;F
Mikael Backlund;0;CGY;F
Blake Coleman;4900000;CGY;F
Elias Lindholm;0;CGY;F
Yegor Sharangovich;3100000;CGY;F
Dillon Dube;0;CGY;F
Matthew Coronato;925000;CGY;F
Jakob Pelletier;0;CGY;F
Walker Duehr;825000;CGY;F
Adam Ruzicka;0;CGY;F
Mackenzie Weegar;6250000;CGY;D
Noah Hanifin;0;CGY;D
Rasmus Andersson;4550000;CGY;D
Christopher Tanev;0;CGY;D
Nikita Zadorov;0;CGY;D
Jordan Oesterle;0;CGY;D
Dennis Gilbert;0;CGY;D
Jacob Markstrom;6000000;CGY;G
Daniel Vladar;2200000;CGY;G
Oliver Kylington;0;CGY;None
Kevin Rooney;0;CGY;F
Samuel Honzek;950000;CGY;F
William Stromgren;900833;CGY;F
Connor Zary;863333;CGY;F
Cole Schwindt;0;CGY;F
Rory Kerins;846667;CGY;F
Ilya Nikolayev;836667;CGY;F
Adam Klapka;0;CGY;F
Lucas Ciona;830000;CGY;F
Mathias Emilio Pettersen;0;CGY;F
Benjamin Jones;0;CGY;F
Martin Pospisil;0;CGY;F
Clark Bishop;775000;CGY;F
Dryden Hunt;775000;CGY;F
Yan Kuznetsov;0;CGY;D
Ilya Solovyov;0;CGY;D
Jeremie Poirier;823333;CGY;D
Brady Lyle;0;CGY;D
Colton Poolman;0;CGY;D
Nick Desimone;0;CGY;D
Dustin Wolf;0;CGY;G
Oscar Dansk;0;CGY;G
Tyler Seguin;9850000;DAL;F
Jamie Benn;9500000;DAL;F
Roope Hintz;8450000;DAL;F
Jason Robertson;7750000;DAL;F
Mason Marchment;4500000;DAL;F
Joe Pavelski;0;DAL;F
Radek Faksa;3250000;DAL;F
Matt Duchene;0;DAL;F
Evgeni Dadonov;2250000;DAL;F
Craig Smith;0;DAL;F
Ty Dellandrea;0;DAL;F
Wyatt Johnston;894167;DAL;F
Sam Steel;0;DAL;F
Miro Heiskanen;8450000;DAL;D
Esa Lindell;5800000;DAL;D
Ryan Suter;3650000;DAL;D
Jani Hakanpaa;0;DAL;D
Nils Lundkvist;0;DAL;D
Thomas Harley;0;DAL;D
Joel Hanley;787500;DAL;D
Gavin Bayreuther;0;DAL;D
Jake Oettinger;4000000;DAL;G
Scott Wedgewood;0;DAL;G
Brandon Halverson;0;DAL;None
Jordie Benn;0;DAL;None
Matej Blumel;0;DAL;F
Mavrik Bourque;894167;DAL;F
Kyle Mcdonald;870000;DAL;F
Chase Wheatcroft;862500;DAL;F
Oskar Back;0;DAL;F
Matthew Seminoff;850000;DAL;F
Antonio Stranges;846667;DAL;F
Francesco Arcuri;825000;DAL;F
Logan Stankoven;814167;DAL;F
Nicholas Caamano;0;DAL;F
Riley Damiani;0;DAL;F
Scott Reedy;0;DAL;F
Fredrik Karlstrom;0;DAL;F
Lian Bichsel;950000;DAL;D
Christian Kyrou;878333;DAL;D
Gavin White;857500;DAL;D
Artem Grushnikov;814167;DAL;D
Alex Petrovic;0;DAL;D
Derrick Pouliot;0;DAL;D
Jerad Rosburg;0;DAL;D
Remi Poirier;836667;DAL;G
Matt Murray;0;DAL;G
Sebastian Aho;9750000;CAR;F
Teuvo Teravainen;0;CAR;F
Jesperi Kotkaniemi;4820000;CAR;F
Michael Bunting;4500000;CAR;F
Martin Necas;0;CAR;F
Jordan Staal;2900000;CAR;F
Jesper Fast;2400000;CAR;F
Jordan Martinook;0;CAR;F
Jack Drury;0;CAR;F
Seth Jarvis;0;CAR;F
Brendan Lemieux;0;CAR;F
Stefan Noesen;0;CAR;F
Dmitry Orlov;7750000;CAR;D
Jaccob Slavin;5300000;CAR;D
Brent Burns;5280000;CAR;D
Brady Skjei;0;CAR;D
Brett Pesce;0;CAR;D
Anthony Deangelo;0;CAR;D
Caleb Jones;0;CAR;D
Jalen Chatfield;0;CAR;D
Frederik Andersen;3400000;CAR;G
Pyotr Kochetkov;2000000;CAR;G
Antti Raanta;0;CAR;G
Andrei Svechnikov;7750000;CAR;None
Nick Shore;0;CAR;None
Nathan Beaulieu;0;CAR;None
Ryan Suzuki;0;CAR;F
Noel Gunler;862500;CAR;F
Felix Unger Sorum;860000;CAR;F
Jamieson Rees;0;CAR;F
Alexander Pashin;826667;CAR;F
Justin Robidas;825000;CAR;F
Tuukka Tieksola;0;CAR;F
Ville Koivunen;805833;CAR;F
Vasili Ponomarev;795000;CAR;F
Blake Murray;0;CAR;F
Domenick Fensore;925000;CAR;D
Dylan Coghlan;0;CAR;D
Anttoni Honka;836667;CAR;D
Ronan Seeley;810000;CAR;D
Aleksi Heimosalmi;805833;CAR;D
Griffin Mendel;0;CAR;D
Yaniv Perets;805000;CAR;G
Sidney Crosby;8700000;PIT;F
Evgeni Malkin;6100000;PIT;F
Bryan Rust;5125000;PIT;F
Rickard Rakell;5000000;PIT;F
Reilly Smith;5000000;PIT;F
Jeff Carter;0;PIT;F
Lars Eller;2450000;PIT;F
Noel Acciari;2000000;PIT;F
Rem Pitlick;0;PIT;F
Drew Oconnor;925000;PIT;F
Matt Nieto;900000;PIT;F
Alexander Nylander;0;PIT;F
Erik Karlsson;10000000;PIT;D
Kris Letang;6100000;PIT;D
Ryan Graves;4500000;PIT;D
Marcus Pettersson;4025175;PIT;D
Pierre Olivier Joseph;0;PIT;D
Chad Ruhwedel;0;PIT;D
Ty Smith;0;PIT;D
Tristan Jarry;5375000;PIT;G
Alex Nedeljkovic;0;PIT;G
Jake Guentzel;0;PIT;None
Libor Hajek;0;PIT;None
Mark Pysyk;0;PIT;None
Austin Wagner;0;PIT;None
Corey Andonovski;0;PIT;F
Samuel Poulin;0;PIT;F
Jordan Frasca;859167;PIT;F
Ty Glover;859167;PIT;F
Lukas Svejkovsky;859167;PIT;F
Raivis Ansons;844167;PIT;F
Andreas Johnsson;0;PIT;F
Dillon Hamaliuk;0;PIT;F
Marc Johnstone;775000;PIT;F
Jonathan Gruden;0;PIT;F
Valtteri Puustinen;0;PIT;F
Vinnie Hinostroza;0;PIT;F
Joona Koppanen;775000;PIT;F
Radim Zohorna;0;PIT;F
Owen Pickering;918333;PIT;D
Isaac Belliveau;875000;PIT;D
Emil Pieniniemi;870000;PIT;D
Jack St Ivany;0;PIT;D
Mark Friedman;0;PIT;D
Will Butcher;0;PIT;D
Ryan Shea;0;PIT;D
Taylor Fedun;0;PIT;D
Xavier Ouellet;0;PIT;D
Joel Blomqvist;886667;PIT;G
Taylor Gauthier;859167;PIT;G
Magnus Hellberg;0;PIT;G
Nathan Mackinnon;12600000;COL;F
Mikko Rantanen;9250000;COL;F
Valeri Nichushkin;6125000;COL;F
Artturi Lehkonen;4500000;COL;F
Ryan Johansen;4000000;COL;F
Ross Colton;4000000;COL;F
Miles Wood;2500000;COL;F
Logan Oconnor;1050000;COL;F
Andrew Cogliano;0;COL;F
Jonathan Drouin;0;COL;F
Ben Meyers;0;COL;F
Fredrik Olofsson;0;COL;F
Cale Makar;9000000;COL;D
Samuel Girard;5000000;COL;D
Josh Manson;4500000;COL;D
Devon Toews;0;COL;D
Bowen Byram;3850000;COL;D
Kurtis Macdermid;0;COL;D
Jack Johnson;0;COL;D
Alexandar Georgiev;3400000;COL;G
Pavel Francouz;0;COL;G
Gabriel Landeskog;7000000;COL;None
Peter Holland;0;COL;None
Joel Kiviranta;0;COL;None
Saku Maenalanen;0;COL;None
Matthew Stienburg;898750;COL;F
Nikolai Kovalenko;896250;COL;F
Alex Beaucage;0;COL;F
Ondrej Pavel;870000;COL;F
Jason Polin;0;COL;F
Oskar Olausson;863333;COL;F
Jean Luc Foudy;847500;COL;F
Callahan Burke;0;COL;F
Riley Tufte;0;COL;F
Chris Wagner;0;COL;F
Spencer Smallman;0;COL;F
Sam Malinski;850000;COL;D
Gianni Fairbrother;0;COL;D
Wyatt Aamodt;0;COL;D
Nathan Clurman;0;COL;D
Keaton Middleton;775000;COL;D
Jack Ahcan;775000;COL;D
Corey Schueneman;0;COL;D
Brad Hunt;0;COL;D
Trent Miner;0;COL;G
Justus Annunen;0;COL;G
Arvid Holm;0;COL;G
Clayton Keller;7150000;ARI;F
Nick Schmaltz;5850000;ARI;F
Jason Zucker;0;ARI;F
Lawson Crouse;4300000;ARI;F
Alexander Kerfoot;3500000;ARI;F
Matias Maccelli;3425000;ARI;F
Nick Bjugstad;2100000;ARI;F
Barrett Hayton;0;ARI;F
Travis Boyd;0;ARI;F
Jack Mcbain;1599999;ARI;F
Logan Cooley;950000;ARI;F
Dylan Guenther;894167;ARI;F
Liam Obrien1;0;ARI;F
Michael Carcone;775000;ARI;F
Matt Dumba;0;ARI;D
Sean Durzi;0;ARI;D
Joshua Brown;0;ARI;D
Troy Stecher;0;ARI;D
Juuso Valimaki;0;ARI;D
Jj Moser;0;ARI;D
Victor Soderstrom;0;ARI;D
Karel Vejmelka;2725000;ARI;G
Connor Ingram;1950000;ARI;G
Jakub Voracek;0;ARI;None
Shea Weber;7857143;ARI;None
Bryan Little;0;ARI;None
Travis Dermott;0;ARI;None
Peter Diliberatore;0;ARI;None
Ryan Dzingel;0;ARI;None
Josh Doan;925000;ARI;F
Conor Geekie;918333;ARI;F
Aku Raty;896250;ARI;F
Curtis Douglas;0;ARI;F
Milos Kelemen;0;ARI;F
Ben Mccartney;0;ARI;F
Zachary Sanford;0;ARI;F
Travis Barron;0;ARI;F
Ryan Mcgregor;0;ARI;F
Nathan Smith;0;ARI;F
Justin Kirkland;0;ARI;F
John Leonard;0;ARI;F
Jan Jenik;0;ARI;F
Michael Kesselring;0;ARI;D
Maveric Lamoureux;918333;ARI;D
Maksymilian Szuber;859167;ARI;D
Patrik Koch;0;ARI;D
Montana Onyebuchi;825000;ARI;D
Vladislav Kolyachonok;0;ARI;D
Cameron Crotty;0;ARI;D
Steven Kampfer;0;ARI;D
Anson Thornton;795556;ARI;G
Ivan Prosvetov;0;ARI;G
Matt Villalta;0;ARI;G
Travis Konecny;5500000;PHI;F
Joel Farabee;5000000;PHI;F
Scott Laughton;3000000;PHI;F
Noah Cates;2625000;PHI;F
Garnet Hathaway;2375000;PHI;F
Morgan Frost;2100000;PHI;F
Nicolas Deslauriers;1750000;PHI;F
Owen Tippett;0;PHI;F
Ryan Poehling;0;PHI;F
Tyson Foerster;863333;PHI;F
Wade Allison;0;PHI;F
Tanner Laczynski;0;PHI;F
Travis Sanheim;6250000;PHI;D
Rasmus Ristolainen;5100000;PHI;D
Sean Walker;0;PHI;D
Cam York;1600000;PHI;D
Marc Staal;0;PHI;D
Nick Seeler;0;PHI;D
Yegor Zamula;0;PHI;D
Cal Petersen;5000000;PHI;G
Carter Hart;0;PHI;G
Felix Sandstrom;0;PHI;G
Sean Couturier;7750000;PHI;None
Cam Atkinson;5875000;PHI;None
Ryan Ellis;6250000;PHI;None
Bobby Brink;0;PHI;F
Alexis Gendron;860000;PHI;F
Samu Tuomaala;830833;PHI;F
Elliot Desnoyers;825000;PHI;F
Jon Randall Avon;800000;PHI;F
Zayde Wisdom;797500;PHI;F
Olle Lycksell;787500;PHI;F
Rhett Gardner;775000;PHI;F
Adam Brooks;0;PHI;F
Cooper Marody;0;PHI;F
Oliver Bonk;950000;PHI;D
Will Zmolek;0;PHI;D
Emil Andrae;903333;PHI;D
Adam Ginning;0;PHI;D
Ronnie Attard;850000;PHI;D
Helge Grans;847500;PHI;D
Ethan Samson;846667;PHI;D
Mason Millman;0;PHI;D
Louis Belpedio;775000;PHI;D
Victor Mete;0;PHI;D
Ivan Fedotov;0;PHI;G
Aleksei Kolosov;925000;PHI;G
Samuel Ersson;1450000;PHI;G
Tomas Hertl;8137500;SJS;F
Logan Couture;8000000;SJS;F
Mikael Granlund;5000000;SJS;F
Kevin Labanc;0;SJS;F
Mike Hoffman;0;SJS;F
Anthony Duclair;0;SJS;F
Alexander Barabanov;0;SJS;F
Oskar Lindblom;0;SJS;F
Nico Sturm;2000000;SJS;F
Fabian Zetterlund;1450000;SJS;F
Filip Zadina;0;SJS;F
William Eklund;863333;SJS;F
Givani Smith;800000;SJS;F
Marc Edouard Vlasic;7000000;SJS;D
Mario Ferraro;3250000;SJS;D
Jan Rutta;2750000;SJS;D
Radim Simek;0;SJS;D
Matthew Benning;1250000;SJS;D
Nikolai Knyzhov;1250000;SJS;D
Kyle Burroughs;1100000;SJS;D
Jacob Macdonald;0;SJS;D
Kaapo Kahkonen;0;SJS;G
Mackenzie Blackwood;2350000;SJS;G
Luke Kunin;0;SJS;None
Filip Bystedt;950000;SJS;F
Kasper Halttunen;940000;SJS;F
Thomas Bordeleau;0;SJS;F
Ethan Cardwell;867500;SJS;F
Brandon Coe;0;SJS;F
Adam Raska;0;SJS;F
Mitchell Russell;836667;SJS;F
Ozzy Wiesblatt;835833;SJS;F
Daniil Gushchin;828333;SJS;F
Tristen Robins;797500;SJS;F
Jacob Peterson;0;SJS;F
Ryan Carpenter;0;SJS;F
Scott Sabourin;775000;SJS;F
Nathan Todd;775000;SJS;F
Valtteri Pulli;950000;SJS;D
Henry Thrun;0;SJS;D
Shakir Mukhamadullin;894167;SJS;D
Artem Guryev;860000;SJS;D
Gannon Laroque;836667;SJS;D
Nick Cicek;0;SJS;D
Nikita Okhotiuk;0;SJS;D
Leon Gawanke;0;SJS;D
Georgi Romanov;910000;SJS;G
Magnus Chrona;867500;SJS;G
Eetu Makiniemi;0;SJS;G
Kirill Kaprizov;9000000;MIN;F
Matthew Boldy;7000000;MIN;F
Mats Zuccarello;0;MIN;F
Joel Eriksson Ek;5250000;MIN;F
Marcus Foligno;0;MIN;F
Frederick Gaudreau;2100000;MIN;F
Marcus Johansson;2000000;MIN;F
Ryan Hartman;0;MIN;F
Brandon Duhaime;0;MIN;F
Marco Rossi;863333;MIN;F
Connor Dewar;0;MIN;F
Patrick Maroon;0;MIN;F
Jared Spurgeon;7575000;MIN;D
Jonas Brodin;6000000;MIN;D
Jacob Middleton;2450000;MIN;D
Alex Goligoski;0;MIN;D
Jon Merrill;1200000;MIN;D
Brock Faber;925000;MIN;D
Calen Addison;0;MIN;D
Filip Gustavsson;3750000;MIN;G
Marc Andre Fleury1;0;MIN;G
Pavel Novak;846667;MIN;None
Vladislav Firstov;925000;MIN;F
Liam Ohgren;918333;MIN;F
Hunter Haight;897500;MIN;F
Adam Beckman;0;MIN;F
Caedan Bankier;867500;MIN;F
Michael Milne;861667;MIN;F
Sam Hentges;0;MIN;F
Samuel Walker;0;MIN;F
Maxim Cajkovic;0;MIN;F
Nick Swaney;0;MIN;F
Vinni Lettieri;775000;MIN;F
Jacob Lucchini;0;MIN;F
Steven Fogarty;0;MIN;F
Nicolas Petan;0;MIN;F
Kyle Masters;865000;MIN;D
Carson Lambos;863333;MIN;D
David Spacek;862500;MIN;D
Ryan Orourke;855833;MIN;D
Simon Johansson;0;MIN;D
Daemon Hunt;828333;MIN;D
Dakota Mermis;0;MIN;D
Jesper Wallstedt;925000;MIN;G
Hunter Jones;0;MIN;G
Zane Mcintyre;0;MIN;G
David Pastrnak;11250000;BOS;F
Brad Marchand;6125000;BOS;F
Charlie Coyle;5250000;BOS;F
Pavel Zacha;4750000;BOS;F
Jake Debrusk;0;BOS;F
Trent Frederic;2300000;BOS;F
Morgan Geekie;2000000;BOS;F
Milan Lucic;0;BOS;F
James Van Riemsdyk;0;BOS;F
Patrick Brown;800000;BOS;F
Jesper Boqvist;0;BOS;F
Aj Greer;0;BOS;F
Charlie Mcavoy;9500000;BOS;D
Hampus Lindholm;6500000;BOS;D
Brandon Carlo;4100000;BOS;D
Matt Grzelcyk;0;BOS;D
Derek Forbort;0;BOS;D
Jakub Zboril;0;BOS;D
Kevin Shattenkirk;0;BOS;D
Ian Mitchell;0;BOS;D
Linus Ullmark;5000000;BOS;G
Jeremy Swayman;0;BOS;G
Alex Chiasson;0;BOS;None
Danton Heinen;0;BOS;None
John Beecher;925000;BOS;F
Curtis Hall;0;BOS;F
Georgi Merkulov;925000;BOS;F
John Farinacci;910000;BOS;F
Matthew Poitras;870000;BOS;F
Luke Toporowski;870000;BOS;F
Trevor Kuntar;867500;BOS;F
Fabian Lysell;863333;BOS;F
Brett Harrison;836667;BOS;F
Oskar Steen;0;BOS;F
Jakub Lauko1;787500;BOS;F
Marc Mclaughlin;0;BOS;F
Jayson Megna;0;BOS;F
Anthony Richard;0;BOS;F
Mason Lohrei;925000;BOS;D
Michael Callahan;0;BOS;D
Ryan Mast;830556;BOS;D
Alec Regula;0;BOS;D
Reilly Walsh;0;BOS;D
Parker Wotherspoon;0;BOS;D
Daniel Renouf;0;BOS;D
Brandon Bussi;0;BOS;G
Michael Dipietro;0;BOS;G
Kyle Keyser;0;BOS;G
Jeff Skinner;9000000;BUF;F
Tage Thompson;7142857;BUF;F
Dylan Cozens;7100000;BUF;F
Victor Olofsson;0;BUF;F
Alex Tuch;4750000;BUF;F
Jordan Greenway;3000000;BUF;F
Casey Mittelstadt;0;BUF;F
Zemgus Girgensons;0;BUF;F
Kyle Okposo;0;BUF;F
Tyson Jost;0;BUF;F
Peyton Krebs;0;BUF;F
John Jason Peterka;855833;BUF;F
Lukas Rousek;775000;BUF;F
Rasmus Dahlin;0;BUF;D
Mattias Samuelsson;4285714;BUF;D
Connor Clifton;3333333;BUF;D
Erik Johnson;0;BUF;D
Henri Jokiharju;0;BUF;D
Jacob Bryson;0;BUF;D
Riley Stillman;0;BUF;D
Owen Power;0;BUF;D
Eric Comrie;0;BUF;G
Ukko Pekka Luukkonen;0;BUF;G
Jack Quinn;863333;BUF;None
Zach Benson;950000;BUF;F
Jiri Kulich;918333;BUF;F
Noah Ostlund;918333;BUF;F
Matthew Savoie;918333;BUF;F
Anton Wahlberg;896667;BUF;F
Isak Rosen;894167;BUF;F
Viktor Neuchev;870000;BUF;F
Alexander Kisakov;859167;BUF;F
Filip Cederqvist;0;BUF;F
Tyson Kozak;850000;BUF;F
Olivier Nadeau;836667;BUF;F
Brett Murray;0;BUF;F
Linus Weissbach;0;BUF;F
Justin Richards;0;BUF;F
Brandon Biro;0;BUF;F
Ryan Johnson;925000;BUF;D
Nikita Novikov;867500;BUF;D
Vsevolod Komarov;865000;BUF;D
Joseph Cecconi;0;BUF;D
Kale Clague;0;BUF;D
Jeremy Davies;0;BUF;D
Devon Levi;925000;BUF;G
Devin Cooley;0;BUF;G
Dustin Tokarski;0;BUF;G
Mathew Barzal;9150000;NYI;F
Bo Horvat;8500000;NYI;F
Anders Lee;7000000;NYI;F
Brock Nelson;6000000;NYI;F
Jean Gabriel Pageau;5000000;NYI;F
Kyle Palmieri;5000000;NYI;F
Pierre Engvall;3000000;NYI;F
Casey Cizikas;2500000;NYI;F
Cal Clutterbuck;0;NYI;F
Matt Martin;0;NYI;F
Ross Johnston;1100000;NYI;F
Julien Gauthier;787500;NYI;F
Hudson Fasching;775000;NYI;F
Karson Kuhlman;0;NYI;F
Ryan Pulock;6150000;NYI;D
Adam Pelech;5750000;NYI;D
Noah Dobson;4000000;NYI;D
Scott Mayfield;3500000;NYI;D
Alexander Romanov;2500000;NYI;D
Sebastian Aho1;0;NYI;D
Samuel Bolduc;800000;NYI;D
Ilya Sorokin;8250000;NYI;G
Semyon Varlamov;2750000;NYI;G
Oliver Wahlstrom;0;NYI;None
Matthew Maggio;870000;NYI;F
Eetu Liukas;867500;NYI;F
Simon Holmstrom;0;NYI;F
William Dufour;859167;NYI;F
Ruslan Iskhakov;0;NYI;F
Daylan Kuefler;840000;NYI;F
Reece Newkirk;0;NYI;F
Otto Koivula;0;NYI;F
Kyle Maclean;0;NYI;F
Brian Pinho;0;NYI;F
Arnaud Durandeau;0;NYI;F
Travis Mitchell;882500;NYI;D
Aidan Fulp;870000;NYI;D
Calle Odelius;846667;NYI;D
Robin Salo;0;NYI;D
Grant Hutton;775000;NYI;D
Dennis Cholowski;0;NYI;D
Paul Ladue;0;NYI;D
Tristan Lennox;867500;NYI;G
Jakub Skarek;775000;NYI;G
Ken Appleby;0;NYI;G
Taylor Hall;6000000;CHI;F
Tyler Johnson;0;CHI;F
Andreas Athanasiou;4250000;CHI;F
Nick Foligno;0;CHI;F
Corey Perry;0;CHI;F
Jason Dickinson;0;CHI;F
Philipp Kurashev;2250000;CHI;F
Ryan Donato;2000000;CHI;F
Colin Blackwell;0;CHI;F
Connor Bedard;950000;CHI;F
Cole Guttman;0;CHI;F
Mackenzie Entwistle;0;CHI;F
Boris Katchouk;0;CHI;F
Taylor Raddysh;0;CHI;F
Seth Jones;9500000;CHI;D
Nikita Zaitsev;0;CHI;D
Connor Murphy;4400000;CHI;D
Jarred Tinordi;0;CHI;D
Filip Roos;0;CHI;D
Wyatt Kaiser;916667;CHI;D
Isaak Phillips;0;CHI;D
Petr Mrazek;0;CHI;G
Arvid Soderblom;962500;CHI;G
Paul Ludwinski;931667;CHI;F
Lukas Reichel;0;CHI;F
Gavin Hayes;896667;CHI;F
Antti Saarela;896250;CHI;F
Ryder Rolston;895000;CHI;F
Samuel Savoie;878333;CHI;F
Jalen Luypen;859167;CHI;F
Colton Dach;825000;CHI;F
Michal Teply;0;CHI;F
Mike Hardman;0;CHI;F
Reese Johnson;0;CHI;F
Joey Anderson;0;CHI;F
Luke Philp;0;CHI;F
Brett Seney;0;CHI;F
David Gust;0;CHI;F
Kevin Korchinski;918333;CHI;D
Alex Vlasic;0;CHI;D
Ethan Del Mastro;855833;CHI;D
Louis Crevier;0;CHI;D
Nolan Allan;825000;CHI;D
Drew Commesso;925000;CHI;G
Jaxson Stauber;0;CHI;G
Johnny Gaudreau;9750000;CLB;F
Patrik Laine;8700000;CLB;F
Jack Roslovic;0;CLB;F
Boone Jenner;3750000;CLB;F
Sean Kuraly;2500000;CLB;F
Eric Robinson1;0;CLB;F
Alexandre Texier;0;CLB;F
Mathieu Olivier;1100000;CLB;F
Adam Fantilli;950000;CLB;F
Kent Johnson;0;CLB;F
Kirill Marchenko;0;CLB;F
Emil Bemstrom;0;CLB;F
Liam Foudy;0;CLB;F
Damon Severson;6250000;CLB;D
Ivan Provorov;4725000;CLB;D
Erik Gudbranson;4000000;CLB;D
Andrew Peeke;2750000;CLB;D
Adam Boqvist;2600000;CLB;D
Nick Blankenburg;0;CLB;D
Tim Berni;0;CLB;D
Elvis Merzlikins;5400000;CLB;G
Daniil Tarasov1;1050000;CLB;G
Zachary Werenski;9583333;CLB;None
Jake Bean;0;CLB;None
Justin Danforth;0;CLB;None
Stefan Matteau;0;CLB;None
Aaron Dell;0;CLB;None
Nicolas Meloche;0;CLB;None
Nathan Schnarr;0;CLB;None
Hunter Mckown;950000;CLB;F
Cole Sillinger;0;CLB;F
Dmitri Voronkov;925000;CLB;F
Mikael Pyyhtia;897500;CLB;F
Luca Del Bel Belluz;891667;CLB;F
Jordan Dumais;891667;CLB;F
Cameron Butler;858333;CLB;F
Tyler Angle;0;CLB;F
James Malatesta;841667;CLB;F
Yegor Chinakhov;0;CLB;F
Joshua Dunne;0;CLB;F
Trey Fix Wolansky;775000;CLB;F
Carson Meyer;0;CLB;F
Brendan Gaunce;0;CLB;F
Corson Ceulemans;925000;CLB;D
David Jiricek;918333;CLB;D
Denton Mateychuk;918333;CLB;D
Samuel Knazko;847500;CLB;D
Ole Julian Bjorgvik Holm;825000;CLB;D
Stanislav Svozil;825000;CLB;D
Marcus Bjork;0;CLB;D
Jacob Christiansen;0;CLB;D
Billy Sweezey;0;CLB;D
Nolan Lalonde;796111;CLB;G
Jet Greaves;0;CLB;G
Artemi Panarin;11642857;NYR;F
Mika Zibanejad;8500000;NYR;F
Chris Kreider;6500000;NYR;F
Vincent Trocheck;5625000;NYR;F
Filip Chytil;4437500;NYR;F
Barclay Goodrow;3641667;NYR;F
Alexis Lafreniere;2325000;NYR;F
Kaapo Kakko;0;NYR;F
Blake Wheeler;0;NYR;F
Nick Bonino;0;NYR;F
Jimmy Vesey;800000;NYR;F
Tyler Pitlick;0;NYR;F
Alex Belzile;775000;NYR;F
Adam Fox;9500000;NYR;D
Jacob Trouba;8000000;NYR;D
Kandre Miller;3872000;NYR;D
Ryan Lindgren;0;NYR;D
Braden Schneider;0;NYR;D
Erik Gustafsson;0;NYR;D
Zachary Jones;812500;NYR;D
Connor Mackey;0;NYR;D
Igor Shesterkin;5666667;NYR;G
Jonathan Quick;0;NYR;G
Bobby Trivigno;0;NYR;F
Karl Henriksson;0;NYR;F
Bryce Mcconnell Barker;870000;NYR;F
Brett Berard;867500;NYR;F
Brennan Othmann;863333;NYR;F
Ryder Korczak;859167;NYR;F
Adam Edstrom;846667;NYR;F
Adam Sykora;838333;NYR;F
Will Cuylle;828333;NYR;F
Matthew Rempe;820000;NYR;F
Riley Nash;775000;NYR;F
Anton Blidh;775000;NYR;F
Jake Leschyshyn;766667;NYR;F
Jonny Brodzinski;0;NYR;F
Turner Elson;0;NYR;F
Matthew Robertson;0;NYR;D
Ben Harpur;787500;NYR;D
Nikolas Brouillard;0;NYR;D
Ty Emberson;0;NYR;D
Brandon Scanlin;0;NYR;D
Mac Hollowell;0;NYR;D
Olof Lindbom;0;NYR;G
Talyn Boyko;850833;NYR;G
Dylan Garand;828333;NYR;G
Louis Domingue;0;NYR;G
Aleksander Barkov;10000000;FLA;F
Matthew Tkachuk;9500000;FLA;F
Sam Reinhart;0;FLA;F
Sam Bennett;4425000;FLA;F
Carter Verhaeghe;4166667;FLA;F
Evan Rodrigues;3000000;FLA;F
Eetu Luostarinen;3000000;FLA;F
Nick Cousins;0;FLA;F
Steven Lorentz;0;FLA;F
Kevin Stenlund;0;FLA;F
Anton Lundell;0;FLA;F
Ryan Lomberg;0;FLA;F
Grigori Denisenko;775000;FLA;F
Gustav Forsling;0;FLA;D
Niko Mikkola;2500000;FLA;D
Oliver Ekman Larsson;0;FLA;D
Mike Reilly;0;FLA;D
Dmitry Kulikov;0;FLA;D
Josh Mahura;0;FLA;D
Lucas Carlsson;0;FLA;D
Matt Kiersted;0;FLA;D
Sergei Bobrovsky;10000000;FLA;G
Anthony Stolarz;0;FLA;G
Aaron Ekblad;7500000;FLA;None
Brandon Montour;0;FLA;None
Spencer Knight;4500000;FLA;None
Mackie Samoskevich;925000;FLA;F
Ryan Mcallister;896667;FLA;F
Justin Sourdif;847500;FLA;F
Kai Schwindt;821667;FLA;F
Patrick Giles;0;FLA;F
Rasmus Asplund;0;FLA;F
Zac Dalpe;775000;FLA;F
William Lockwood;775000;FLA;F
Gerald Mayhew;0;FLA;F
Alex True;0;FLA;F
Michael Benning;916667;FLA;D
Marek Alscher;896667;FLA;D
Uvis Balinskis;0;FLA;D
Evan Nause;864167;FLA;D
Nathan Staios;859167;FLA;D
Zach Uens;859167;FLA;D
Santtu Kinnunen;0;FLA;D
Calle Sjalin;0;FLA;D
John Ludvig;775000;FLA;D
Casey Fitzgerald;0;FLA;D
Ludovic Waeber;0;FLA;G
Mack Guzda;0;FLA;G
Ryan Oreilly;4500000;NAS;F
Gustav Nyquist;3185000;NAS;F
Colton Sissons;2857143;NAS;F
Cody Glass;2500000;NAS;F
Yakov Trenin;0;NAS;F
Philip Tomasino;0;NAS;F
Juuso Parssinen;0;NAS;F
Denis Gurianov;0;NAS;F
Thomas Novak;0;NAS;F
Luke Evangelista;797500;NAS;F
Mark Jankowski;0;NAS;F
Kiefer Sherwood;0;NAS;F
Cole Smith;0;NAS;F
Roman Josi;9059000;NAS;D
Ryan Mcdonagh;6750000;NAS;D
Tyson Barrie;0;NAS;D
Luke Schenn;2750000;NAS;D
Alexandre Carrier;0;NAS;D
Dante Fabbro;0;NAS;D
Jeremy Lauzon;2000000;NAS;D
Juuse Saros;5000000;NAS;G
Kevin Lankinen;0;NAS;G
Filip Forsberg;8500000;NAS;None
Dylan Wells;0;NAS;None
Fedor Svechkov;925000;NAS;F
Joakim Kemell;918333;NAS;F
Reid Schaefer;918333;NAS;F
Kalan Lind;870000;NAS;F
Zachary Lheureux;863333;NAS;F
Nolan Burke;861667;NAS;F
Jachym Kondelik;0;NAS;F
Egor Afanasyev;0;NAS;F
Navrin Mutter;776667;NAS;F
Anthony Angello;775000;NAS;F
Michael Mccarron;0;NAS;F
Jasper Weatherby;0;NAS;F
Tanner Molendyk;950000;NAS;D
Spencer Stastney;0;NAS;D
Marc Del Gaizo;0;NAS;D
Adam Wilsby;0;NAS;D
Jack Matier;801667;NAS;D
Luke Prokop;793333;NAS;D
Jake Livingstone;775000;NAS;D
Kevin Gravel;0;NAS;D
Jordan Gross;0;NAS;D
Roland Mckeown;0;NAS;D
Yaroslav Askarov;925000;NAS;G
Troy Grosenick;0;NAS;G
Dylan Larkin;8700000;DET;F
Alex Debrincat;7875000;DET;F
Andrew Copp;5625000;DET;F
Jt Compher;5100000;DET;F
David Perron;0;DET;F
Robby Fabbri;4000000;DET;F
Klim Kostin;2000000;DET;F
Daniel Sprong;0;DET;F
Christian Fischer;0;DET;F
Jonatan Berggren;0;DET;F
Lucas Raymond;0;DET;F
Joseph Veleno;0;DET;F
Ben Chiarot;4750000;DET;D
Shayne Gostisbehere;0;DET;D
Justin Holl;3400000;DET;D
Jake Walman;3400000;DET;D
Olli Maatta1;3000000;DET;D
Jeff Petry;2343750;DET;D
Moritz Seider;0;DET;D
Jared Mcisaac;0;DET;D
Ville Husso;4750000;DET;G
James Reimer;0;DET;G
Michael Rasmussen;0;DET;None
Cameron Hillis;0;DET;None
Nate Danielson;950000;DET;F
Marco Kasper;918333;DET;F
Carter Mazur;905833;DET;F
Elmer Soderblom;878333;DET;F
Alexandre Doucet;870000;DET;F
Cross Hanas;859167;DET;F
Taro Hirose;0;DET;F
Amadeus Lombardi;838333;DET;F
Nolan Stevens;0;DET;F
Tim Gettinger;0;DET;F
Matt Luff;0;DET;F
Austin Czarnik;0;DET;F
William Wallinder;925000;DET;D
Simon Edvinsson;894167;DET;D
Antti Tuomisto;867500;DET;D
Eemil Viro;828333;DET;D
Albert Johansson;0;DET;D
Wyatt Newpower;0;DET;D
Brogan Rafferty;775000;DET;D
Alex Lyon;900000;DET;G
Sebastian Cossa;863333;DET;G
John Lethemon;0;DET;G
Tim Stutzle;8350000;OTT;F
Brady Tkachuk;8205714;OTT;F
Claude Giroux;6500000;OTT;F
Vladimir Tarasenko;0;OTT;F
Drake Batherson;4975000;OTT;F
Mathieu Joseph;2950000;OTT;F
Dominik Kubalik;0;OTT;F
Mark Kastelic;835000;OTT;F
Zack Macewen;775000;OTT;F
Parker Kelly;0;OTT;F
Shane Pinto;0;OTT;F
Egor Sokolov;0;OTT;F
Thomas Chabot;8000000;OTT;D
Jakob Chychrun;4600000;OTT;D
Artem Zub;4600000;OTT;D
Erik Brannstrom;0;OTT;D
Travis Hamonic;1100000;OTT;D
Jake Sanderson;8050000;OTT;D
Jacob Bernard Docker;805000;OTT;D
Joonas Korpisalo;4000000;OTT;G
Joshua Norris;7950000;OTT;None
Anton Forsberg;2750000;OTT;None
Roby Jarventie;894167;OTT;F
Jiri Smejkal;0;OTT;F
Oskar Pettersson2;865000;OTT;F
Tyler Boucher;863333;OTT;F
Ridly Greig;863333;OTT;F
Angus Crookshank;0;OTT;F
Zack Ostapchuk;825000;OTT;F
Philippe Daoust;821667;OTT;F
Cole Reinhardt;0;OTT;F
Josh Currie;0;OTT;F
Rourke Chartier;0;OTT;F
Matthew Highmore;0;OTT;F
Bokondji Imama;0;OTT;F
Garrett Pilon;0;OTT;F
Tyler Kleven;916667;OTT;D
Nikolas Matinpalo;0;OTT;D
Lassi Thomson;0;OTT;D
Tomas Hamara;831667;OTT;D
Donovan Sebrango;828333;OTT;D
Jorian Donovan;818333;OTT;D
Maxence Guenette;0;OTT;D
Jacob Larsson;0;OTT;D
Dillon Heatherington;0;OTT;D
Mads Sogaard;0;OTT;G
Leevi Merilainen;820000;OTT;G
Kevin Mandolese;0;OTT;G
Anze Kopitar;7000000;LAK;F
Pierre Luc Dubois;8500000;LAK;F
Kevin Fiala;7875000;LAK;F
Phillip Danault;5500000;LAK;F
Adrian Kempe;5500000;LAK;F
Viktor Arvidsson;0;LAK;F
Trevor Moore;4200000;LAK;F
Blake Lizotte;0;LAK;F
Carl Grundstrom;0;LAK;F
Quinton Byfield;0;LAK;F
Arthur Kaliyev;0;LAK;F
Jaret Anderson Dolan;0;LAK;F
Trevor Lewis;0;LAK;F
Drew Doughty;11000000;LAK;D
Vladislav Gavrikov;5875000;LAK;D
Michael Anderson;4125000;LAK;D
Matt Roy;0;LAK;D
Andreas Englund;1000000;LAK;D
Brandt Clarke;863333;LAK;D
Pheonix Copley;0;LAK;G
Cam Talbot;0;LAK;G
Jean Francois Berube;0;LAK;None
Alex Turcotte;0;LAK;F
Andre Lee;0;LAK;F
Alex Laferriere;875000;LAK;F
Francesco Pinelli;845000;LAK;F
Martin Chromiak;820000;LAK;F
Samuel Helenius;805833;LAK;F
Hayden Hodgson;0;LAK;F
Tj Tynan1;0;LAK;F
Samuel Fagemo;0;LAK;F
Tyler Madden;0;LAK;F
Akil Thomas;0;LAK;F
Taylor Ward;0;LAK;F
Mikhail Maltsev;0;LAK;F
Jakub Dvorak;900000;LAK;D
Kim Nousiainen;859167;LAK;D
Cole Krygier;837500;LAK;D
Jordan Spence;0;LAK;D
Steven Santini;0;LAK;D
Tobias Bjornfot;775000;LAK;D
Joe Hicketts;0;LAK;D
Kevin Connauton;0;LAK;D
Jacob Moverare;0;LAK;D
Erik Portillo;0;LAK;G
David Rittich;0;LAK;G
Timo Meier;8800000;NJD;F
Jack Hughes;8000000;NJD;F
Jesper Bratt;7875000;NJD;F
Nico Hischier;7250000;NJD;F
Ondrej Palat;6000000;NJD;F
Tyler Toffoli;0;NJD;F
Erik Haula;3150000;NJD;F
Michael Mcleod;0;NJD;F
Nathan Bastian;1350000;NJD;F
Curtis Lazar;1000000;NJD;F
Tomas Nosek;0;NJD;F
Dawson Mercer;0;NJD;F
Nolan Foote;0;NJD;F
Chris Tierney;0;NJD;F
Dougie Hamilton;9000000;NJD;D
John Marino;4400000;NJD;D
Jonas Siegenthaler;3400000;NJD;D
Colin Miller;0;NJD;D
Brendan Smith;0;NJD;D
Kevin Bahl;1050000;NJD;D
Luke Hughes;925000;NJD;D
Vitek Vanecek;3400000;NJD;G
Akira Schmid;0;NJD;G
Brian Halonen;0;NJD;F
Alexander Holtz;894167;NJD;F
Josh Filmon;870000;NJD;F
Chase Stillman;863333;NJD;F
Graeme Clarke;0;NJD;F
Shane Bowers;0;NJD;F
Kyle Criscuolo;0;NJD;F
Justin Dowling;775000;NJD;F
Tyce Thompson;0;NJD;F
Simon Nemec;918333;NJD;D
Daniil Misyul;867500;NJD;D
Santeri Hatakka;0;NJD;D
Michael Vukojevic;0;NJD;D
Topias Vilen;836667;NJD;D
Cal Foote;0;NJD;D
Tyler Wotherspoon;0;NJD;D
Tyler Brennan;870000;NJD;G
Nico Daws;0;NJD;G
Erik Kallgren;0;NJD;G
Jordan Eberle;0;SEA;F
Jaden Schwartz;5500000;SEA;F
Oliver Bjorkstrand;5400000;SEA;F
Yanni Gourde;5166666;SEA;F
Jared Mccann;5000000;SEA;F
Alexander Wennberg;0;SEA;F
Brandon Tanev;3500000;SEA;F
Kailer Yamamoto;0;SEA;F
Eeli Tolvanen;0;SEA;F
Matthew Beniers;0;SEA;F
Kole Lind;0;SEA;F
Pierre Edouard Bellemare;0;SEA;F
Vince Dunn;7350000;SEA;D
Jamie Oleksiak;4600000;SEA;D
Adam Larsson;4000000;SEA;D
Brian Dumoulin;3150000;SEA;D
Justin Schultz;0;SEA;D
William Borgen;2700000;SEA;D
Cale Fleury;800000;SEA;D
Jaycob Megna;0;SEA;D
Philipp Grubauer;5900000;SEA;G
Chris Driedger;0;SEA;G
Joey Daccord;1200000;SEA;G
Andre Burakovsky;5500000;SEA;None
Eduard Sale;950000;SEA;F
Jagger Firkus;923333;SEA;F
David Goyette;923333;SEA;F
Jani Nyman;923333;SEA;F
Shane Wright;918333;SEA;F
Ville Petman;0;SEA;F
Logan Morrison;870000;SEA;F
Tucker Robertson;870000;SEA;F
Tye Kartye;859167;SEA;F
Ryan Winterton;828333;SEA;F
Jacob Melanson;826111;SEA;F
Luke Henman;0;SEA;F
John Hayden;0;SEA;F
Devin Shore;0;SEA;F
Marian Studenic;0;SEA;F
Cameron Hughes;0;SEA;F
Max Mccormick;0;SEA;F
Andrew Poturalski;0;SEA;F
Ryker Evans;897500;SEA;D
Ty Nelson;867500;SEA;D
Ville Ottavainen;867500;SEA;D
Peetro Seppala;0;SEA;D
Mitch Reinke;0;SEA;D
Jimmy Schuldt;0;SEA;D
Connor Carrick;0;SEA;D
Gustav Olofsson;775000;SEA;D
Niklas Kokko;923333;SEA;G
Ales Stezka;0;SEA;G
