11;Erik Karlsson;PIT;SJS;D;82;25;76;101;75;152;227;10000000;1;0;no
1;Connor Mcdavid;EDM;EDM;C;82;64;89;153;128;89;217;12500000;2;0;Mark
2;Leon Draisaitl;EDM;EDM;C;80;52;76;128;104;76;180;8500000;3;0;Couv
4;David Pastrnak;BOS;BOS;R;82;61;52;113;122;52;174;11250000;4;0;Couv
47;Dougie Hamilton;NJD;NJD;D;82;22;52;74;66;104;170;9000000;5;0;no
38;Josh Morrissey;WPG;WPG;D;78;16;60;76;48;120;168;6250000;6;0;Mark
52;Brandon Montour;FLA;FLA;D;80;16;57;73;48;114;162;3500000;7;0;Mark
49;Rasmus Dahlin;BUF;BUF;D;78;15;58;73;45;116;161;6000000;8;0;Math
8;Mikko Rantanen;COL;COL;R;82;55;50;105;110;50;160;9250000;9;0;Mark
39;Quinn Hughes;VAN;VAN;D;78;7;69;76;21;138;159;7850000;10;0;Alain
51;Miro Heiskanen;DAL;DAL;D;79;11;62;73;33;124;157;8450000;11;0;no
57;Adam Fox;NYR;NYR;D;82;12;60;72;36;120;156;9500000;12;0;Ben
7;Jason Robertson;DAL;DAL;L;82;46;63;109;92;63;155;7750000;13;0;Alain
5;Nathan Mackinnon;COL;COL;C;71;42;69;111;84;69;153;12600000;14;0;Math
9999;Alexandar Georgiev;COL;COL;G;62;40;5;0;120;25;151;3400000;15;6;Math
6;Matthew Tkachuk;FLA;FLA;L;79;40;69;109;80;69;149;9500000;16;0;no
70;Cale Makar;COL;COL;D;60;17;49;66;51;98;149;9000000;17;0;Alain
9999;Jake Oettinger;DAL;DAL;G;61;37;5;0;111;25;147;4000000;18;11;Math
14;Brayden Point;TBL;TBL;C;82;51;44;95;102;44;146;9500000;19;0;no
3;Nikita Kucherov;TBL;TBL;R;82;30;83;113;60;83;143;9500000;20;0;Alain
12;Jack Hughes;NJD;NJD;C;78;43;56;99;86;56;142;8000000;21;0;Math
82;Vince Dunn;SEA;SEA;D;81;14;50;64;42;100;142;7350000;22;0;Math
9;Ryan Nugent-Hopkins;EDM;EDM;C;82;37;67;104;74;67;141;5125000;23;0;no
10;Elias Pettersson;VAN;VAN;C;80;39;63;102;78;63;141;7350000;24;0;no
15;Tage Thompson;BUF;BUF;C;78;47;47;94;94;47;141;7142857;25;0;Alain
94;Brent Burns;CAR;CAR;D;82;18;43;61;54;86;140;5280000;26;0;Ben
80;Mikhail Sergachev;TBL;TBL;D;79;10;54;64;30;108;138;8500000;27;0;Ben
96;Roman Josi;NAS;NSH;D;67;18;41;59;54;82;136;9059000;28;0;no
9999;Igor Shesterkin;NYR;NYR;G;58;37;3;0;111;15;134;5666667;29;8;Couv
9999;Connor Hellebuyck;WPG;WPG;G;64;37;4;0;111;20;133;6166666;30;2;no
9999;Linus Ullmark;BOS;BOS;G;48;40;2;0;120;10;131;5000000;31;1;Alain
9999;Ilya Sorokin;NYI;NYI;G;60;31;6;0;93;30;130;4000000;32;7;Couv
18;Mika Zibanejad;NYR;NYR;C;82;39;52;91;78;52;130;8500000;33;0;Ben
13;Mitchell Marner;TOR;TOR;R;80;30;69;99;60;69;129;10903000;34;0;no
19;Tim Stützle;OTT;OTT;L;78;39;51;90;78;51;129;8350000;35;0;Mark
20;William Nylander;TOR;TOR;R;82;40;47;87;80;47;127;6962366;36;0;no
9999;Andrei Vasilevskiy;TBL;TBL;G;60;34;4;0;102;20;126;9500000;37;4;Ben
16;Sidney Crosby;PIT;PIT;C;82;33;60;93;66;60;126;8700000;38;0;no
22;Auston Matthews;TOR;TOR;C;74;40;45;85;80;45;125;11640250;39;0;no
21;Clayton Keller;ARI;ARI;R;82;37;49;86;74;49;123;7150000;40;0;no
118;Tyson Barrie;NAS;EDM,NSH;D;85;13;42;55;39;84;123;4500000;41;0;no
17;Artemi Panarin;NYR;NYR;L;82;29;63;92;58;63;121;11642857;42;0;no
24;Zach Hyman;EDM;EDM;L;79;36;47;83;72;47;119;5500000;43;0;Ben
119;Alex Pietrangelo;VGK;VGK;D;73;11;43;54;33;86;119;8800000;44;0;no
9999;Vitek Vanecek;NJD;NJD;G;48;33;3;0;99;15;118;3400000;45;4;no
23;Steven Stamkos;TBL;TBL;C;81;34;50;84;68;50;118;8500000;46;0;no
26;Brady Tkachuk;OTT;OTT;L;82;35;48;83;70;48;118;8205714;47;0;no
27;Jeff Skinner;BUF;BUF;L;79;35;47;82;70;47;117;9000000;48;0;no
41;Alex Ovechkin;WAS;WSH;L;73;42;33;75;84;33;117;9500000;49;0;no
9999;Juuse Saros;NAS;NSH;G;63;33;2;0;99;10;116;5000000;50;7;Mark
29;John Tavares;TOR;TOR;C;80;36;44;80;72;44;116;11000000;51;0;no
123;Hampus Lindholm;BOS;BOS;D;80;10;43;53;30;86;116;6500000;52;0;no
32;Alex Tuch;BUF;BUF;R;74;36;43;79;72;43;115;4750000;53;0;no
40;Kirill Kaprizov;MIN;MIN;L;67;40;35;75;80;35;115;9000000;54;0;Couv
53;Carter Verhaeghe;FLA;FLA;C;81;42;31;73;84;31;115;4166667;55;0;no
28;J.T. Miller;VAN;VAN;C;81;32;50;82;64;50;114;8000000;56;0;Alain
34;Claude Giroux;OTT;OTT;R;82;35;44;79;70;44;114;6500000;57;0;no
45;Andrei Kuzmenko;VAN;VAN;L;81;39;35;74;78;35;113;5500000;58;0;Alain
127;Drew Doughty;LAK;LAK;D;81;9;43;52;27;86;113;11000000;59;0;no
42;Roope Hintz;DAL;DAL;C;73;37;38;75;74;38;112;8450000;60;0;no
30;Nico Hischier;NJD;NJD;C;81;31;49;80;62;49;111;7250000;61;0;no
31;Kyle Connor;WPG;WPG;L;82;31;49;80;62;49;111;7142857;62;0;Alain
33;Dylan Larkin;DET;DET;C;80;32;47;79;64;47;111;8700000;63;0;no
36;Jamie Benn;DAL;DAL;L;82;33;45;78;66;45;111;9500000;64;0;no
43;Brock Nelson;NYI;NYI;C;82;36;39;75;72;39;111;6000000;65;0;no
126;Charlie Mcavoy;BOS;BOS;D;67;7;45;52;21;90;111;9500000;66;0;no
136;Justin Faulk;STL;STL;D;82;11;39;50;33;78;111;6500000;67;0;no
140;Noah Dobson;NYI;NYI;D;78;13;36;49;39;72;111;4000000;68;0;Math
25;Evgeni Malkin;PIT;PIT;C;82;27;56;83;54;56;110;6100000;69;0;no
50;Jordan Kyrou;STL;STL;C;79;37;36;73;74;36;110;8125000;70;0;Ben
60;Jared Mccann;SEA;SEA;L;79;40;30;70;80;30;110;5000000;71;0;no
61;Mark Scheifele;WPG;WPG;C;81;42;26;68;84;26;110;6125000;72;0;no
48;Jake Guentzel;PIT;PIT;L;78;36;37;73;72;37;109;6000000;73;0;Alain
141;Rasmus Andersson;CGY;CGY;D;79;11;38;49;33;76;109;4550000;74;0;Couv
59;Bo Horvat;NYI;VAN,NYI;C;79;38;32;70;76;32;108;8500000;75;0;no
69;Adrian Kempe;LAK;LAK;R;82;41;26;67;82;26;108;5500000;76;0;no
54;Tyler Toffoli;NJD;CGY;R;82;34;39;73;68;39;107;4250000;77;0;no
134;Devon Toews;COL;COL;D;80;7;43;50;21;86;107;4100000;78;0;Ben
138;Victor Hedman;TBL;TBL;D;76;9;40;49;27;80;107;7875000;79;0;Ben
9999;Ilya Samsonov;TOR;TOR;G;40;27;4;0;81;20;106;3550000;80;5;no
72;Timo Meier;NJD;SJS,NJD;R;78;40;26;66;80;26;106;8800000;81;0;Mark
146;Cam Fowler;ANA;ANA;D;82;10;38;48;30;76;106;6500000;82;0;no
9999;Ville Husso;DET;DET;G;56;26;4;0;78;20;105;4750000;83;7;no
37;Joe Pavelski;DAL;DAL;C;82;28;49;77;56;49;105;3500000;84;0;no
55;Jesper Bratt;NJD;NJD;L;82;32;41;73;64;41;105;7875000;85;0;Math
65;Sebastian Aho;CAR;CAR;C;75;36;31;67;72;31;103;8460250;86;0;no
46;Anze Kopitar;LAK;LAK;C;82;28;46;74;56;46;102;10000000;87;0;no
35;Aleksander Barkov;FLA;FLA;C;68;23;55;78;46;55;101;10000000;88;0;no
9999;Martin Jones;TOR;SEA;G;42;27;3;0;81;15;99;875000;89;3;no
58;Martin Necas;CAR;CAR;C;82;28;43;71;56;43;99;3000000;90;0;Math
62;Dylan Cozens;BUF;BUF;C;81;31;37;68;62;37;99;7100000;91;0;Couv
9999;Darcy Kuemper;WAS;WSH;G;56;22;5;0;66;25;98;5250000;92;7;no
68;Sam Reinhart;FLA;FLA;C;82;31;36;67;62;36;98;6500000;93;0;no
168;Darnell Nurse;EDM;EDM;D;82;12;31;43;36;62;98;9250000;94;0;no
9999;Stuart Skinner;EDM;EDM;G;48;29;1;0;87;5;97;2600000;95;5;no
9999;Jordan Binnington;STL;STL;G;60;27;2;0;81;10;97;6000000;96;6;no
9999;Jeremy Swayman;BOS;BOS;G;33;24;4;0;72;20;96;3475000;97;4;no
44;Johnny Gaudreau;CLB;CBJ;L;80;21;53;74;42;53;95;9750000;98;0;no
56;Kevin Fiala;LAK;LAK;L;69;23;49;72;46;49;95;7875000;99;0;no
166;K'Andre Miller;NYR;NYR;D;79;9;34;43;27;68;95;3872000;100;0;no
175;Tony DeAngelo;CAR;PHI;D;70;11;31;42;33;62;95;1675000;101;0;no
183;Shayne Gostisbehere;DET;ARI,CAR;D;75;13;28;41;39;56;95;4125000;102;0;Couv
189;Gustav Forsling;FLA;FLA;D;82;13;28;41;39;56;95;2666667;103;0;Mark
67;Logan Couture;SJS;SJS;C;82;27;40;67;54;40;94;8000000;104;0;no
83;Brandon Hagel;TBL;TBL;L;81;30;34;64;60;34;94;1500000;105;0;Alain
88;Matt Boldy;MIN;MIN;L;81;31;32;63;62;32;94;7000000;106;0;Mark
180;Kris Letang;PIT;PIT;D;64;12;29;41;36;58;94;6100000;107;0;Couv
213;Brady Skjei;CAR;CAR;D;81;18;20;38;54;40;94;5250000;108;0;no
63;Pavel Buchnevich;STL;STL;L;63;26;41;67;52;41;93;5800000;109;0;Math
71;Jack Eichel;VGK;VGK;C;67;27;39;66;54;39;93;10000000;110;0;no
73;Alex Debrincat;DET;OTT;R;82;27;39;66;54;39;93;7875000;111;0;no
182;Thomas Chabot;OTT;OTT;D;68;11;30;41;33;60;93;8000000;112;0;no
74;Nick Suzuki;MTL;MTL;C;82;26;40;66;52;40;92;7875000;113;0;no
91;Travis Konecny;PHI;PHI;R;60;31;30;61;62;30;92;5500000;114;0;no
84;Alex Killorn;ANA;TBL;C;82;27;37;64;54;37;91;6250000;115;0;no
174;Erik Gustafsson;NYR;WSH,TOR;D;70;7;35;42;21;70;91;825000;116;0;no
86;Pierre-Luc Dubois;LAK;WPG;L;73;27;36;63;54;36;90;8500000;117;0;no
120;Chris Kreider;NYR;NYR;L;79;36;18;54;72;18;90;6500000;118;0;no
178;Shea Theodore;VGK;VGK;D;55;8;33;41;24;66;90;5200000;119;0;Alain
211;Aaron Ekblad;FLA;FLA;D;71;14;24;38;42;48;90;7500000;120;0;Alain
9999;Tristan Jarry;PIT;PIT;G;47;24;2;0;72;10;89;5375000;121;7;Mark
66;Mats Zuccarello;MIN;MIN;R;78;22;45;67;44;45;89;6000000;122;0;no
177;Moritz Seider;DET;DET;D;82;5;37;42;15;74;89;863333;123;0;Alain
9999;Filip Gustavsson;MIN;MIN;G;37;22;3;0;66;15;88;3750000;124;7;no
64;Brad Marchand;BOS;BOS;L;73;21;46;67;42;46;88;6125000;125;0;no
77;Dylan Strome;WAS;WSH;C;81;23;42;65;46;42;88;5000000;126;0;no
78;Trevor Zegras;ANA;ANA;C;81;23;42;65;46;42;88;0;127;0;Mark
95;Rickard Rakell;PIT;PIT;R;82;28;32;60;56;32;88;5000000;128;0;no
198;Evan Bouchard;EDM;EDM;D;82;8;32;40;24;64;88;3900000;129;0;Couv
201;Filip Hronek;VAN;DET,VAN;D;64;9;30;39;27;60;87;4400000;130;0;Couv
9999;Marc-Andre Fleury;MIN;MIN;G;45;24;2;0;72;10;86;3500000;131;4;no
9999;Jacob Markstrom;CGY;CGY;G;58;23;1;0;69;5;86;6000000;132;12;no
9999;Carter Hart;PHI;PHI;G;54;22;2;0;66;10;86;3979000;133;10;no
79;Brayden Schenn;STL;STL;C;82;21;44;65;42;44;86;6500000;134;0;no
81;Elias Lindholm;CGY;CGY;C;80;22;42;64;44;42;86;4850000;135;0;Couv
85;Vincent Trocheck;NYR;NYR;C;82;22;42;64;44;42;86;5625000;136;0;no
181;Morgan Rielly;TOR;TOR;D;65;4;37;41;12;74;86;7500000;137;0;Mark
222;Seth Jones;CHI;CHI;D;72;12;25;37;36;50;86;9500000;138;0;no
87;Tomas Hertl;SJS;SJS;C;79;22;41;63;44;41;85;8137500;139;0;no
97;Viktor Arvidsson;LAK;LAK;R;77;26;33;59;52;33;85;4250000;140;0;no
102;Jonathan Marchessault;VGK;VGK;R;76;28;29;57;56;29;85;5000000;141;0;no
212;Sean Durzi;ARI;LAK;D;72;9;29;38;27;58;85;1700000;142;0;Math
90;Drake Batherson;OTT;OTT;R;82;22;40;62;44;40;84;4975000;143;0;Ben
92;Troy Terry;ANA;ANA;R;70;23;38;61;46;38;84;7000000;144;0;Ben
93;Joel Eriksson Ek;MIN;MIN;C;78;23;38;61;46;38;84;5250000;145;0;no
75;Robert Thomas;STL;STL;C;73;18;47;65;36;47;83;8125000;146;0;Math
89;Jordan Eberle;SEA;SEA;R;82;20;43;63;40;43;83;5500000;147;0;no
112;Dawson Mercer;NJD;NJD;C;82;27;29;56;54;29;83;894167;148;0;Alain
214;Noah Hanifin;CGY;CGY;D;81;7;31;38;21;62;83;4950000;149;0;no
107;Reilly Smith;PIT;VGK;R;78;26;30;56;52;30;82;5000000;150;0;no
76;Chandler Stephenson;VGK;VGK;C;81;16;49;65;32;49;81;2750000;151;0;Alain
103;Matty Beniers;SEA;SEA;C;80;24;33;57;48;33;81;897500;152;0;Mark
9999;Sergei Bobrovsky;FLA;FLA;G;49;24;1;0;72;5;80;10000000;153;3;no
9999;Pheonix Copley;LAK;LAK;G;35;24;1;0;72;5;80;1500000;154;3;no
9999;Antti Raanta;CAR;CAR;G;26;19;4;0;57;20;80;1500000;155;3;no
99;Nick Schmaltz;ARI;ARI;C;63;22;36;58;44;36;80;5850000;156;0;no
109;David Perron;DET;DET;L;82;24;32;56;48;32;80;4750000;157;0;no
111;Nazem Kadri;CGY;CGY;C;82;24;32;56;48;32;80;7000000;158;0;no
224;Samuel Girard;COL;COL;D;76;6;31;37;18;62;80;5000000;159;0;no
230;Dmitry Orlov;CAR;WSH,BOS;D;66;7;29;36;21;58;79;7750000;160;0;no
245;Jared Spurgeon;MIN;MIN;D;79;11;23;34;33;46;79;7575000;161;0;no
104;Pavel Zacha;BOS;BOS;C;82;21;36;57;42;36;78;4750000;162;0;no
106;Matt Duchene;DAL;NSH;C;71;22;34;56;44;34;78;3000000;163;0;no
113;Andrei Svechnikov;CAR;CAR;R;64;23;32;55;46;32;78;7750000;164;0;Couv
135;Anders Lee;NYI;NYI;L;82;28;22;50;56;22;78;7000000;165;0;no
131;Jake Debrusk;BOS;BOS;L;64;27;23;50;54;23;77;4000000;166;0;no
235;Rasmus Sandin;WAS;TOR,WSH;D;71;7;28;35;21;56;77;1400000;167;0;no
9999;Logan Thompson;VGK;VGK;G;36;21;2;0;63;10;76;766667;168;3;Alain
108;Max Domi;TOR;CHI,DAL;C;80;20;36;56;40;36;76;3000000;169;0;no
139;Owen Tippett;PHI;PHI;R;77;27;22;49;54;22;76;1500000;170;0;no
240;Mike Matheson;MTL;MTL;D;48;8;26;34;24;52;76;4875000;171;0;no
254;John Klingberg;TOR;ANA,MIN;D;67;10;23;33;30;46;76;4150000;172;0;no
260;Neal Pionk;WPG;WPG;D;82;10;23;33;30;46;76;5875000;173;0;no
9999;Karel Vejmelka;ARI;ARI;G;49;18;3;0;54;15;75;2725000;174;6;no
110;Mikael Backlund;CGY;CGY;C;82;19;37;56;38;37;75;5350000;175;0;no
143;Jason Zucker;ARI;PIT;L;78;27;21;48;54;21;75;5300000;176;0;no
243;Justin Schultz;SEA;SEA;D;73;7;27;34;21;54;75;3000000;177;0;no
251;Jakob Chychrun;OTT;ARI,OTT;D;48;9;24;33;27;48;75;4600000;178;0;Mark
98;Casey Mittelstadt;BUF;BUF;C;82;15;44;59;30;44;74;2500000;179;0;no
125;Patrik Laine;CLB;CBJ;L;55;22;30;52;44;30;74;8700000;180;0;no
237;Owen Power;BUF;BUF;D;79;4;31;35;12;62;74;916667;181;0;Math
259;Adam Larsson;SEA;SEA;D;82;8;25;33;24;50;74;4000000;182;0;no
115;Brock Boeser;VAN;VAN;R;74;18;37;55;36;37;73;6650000;183;0;no
258;Damon Severson;CLB;NJD;D;81;7;26;33;21;52;73;6250000;184;0;no
266;Mattias Ekholm;EDM;NSH,EDM;D;78;9;23;32;27;46;73;6000000;185;0;no
9999;Jack Campbell;EDM;EDM;G;34;21;1;0;63;5;72;5000000;186;4;no
121;Kevin Hayes;STL;PHI;R;81;18;36;54;36;36;72;3571429;187;0;no
122;Phillip Danault;LAK;LAK;C;82;18;36;54;36;36;72;5500000;188;0;no
130;Artturi Lehkonen;COL;COL;L;64;21;30;51;42;30;72;4500000;189;0;Ben
142;Michael Bunting;CAR;TOR;L;82;23;26;49;46;26;72;4500000;190;0;Mark
244;Juuso Valimaki;ARI;ARI;D;78;4;30;34;12;60;72;1000000;191;0;no
114;Blake Wheeler;NYR;WPG;R;72;16;39;55;32;39;71;800000;192;0;no
133;Tyler Seguin;DAL;DAL;C;76;21;29;50;42;29;71;9850000;193;0;no
154;Boone Jenner;CLB;CBJ;C;68;26;19;45;52;19;71;3750000;194;0;no
262;Torey Krug;STL;STL;D;63;7;25;32;21;50;71;6500000;195;0;no
116;Jonathan Huberdeau;CGY;CGY;C;79;15;40;55;30;40;70;10500000;196;0;no
9999;Frederik Andersen;CAR;CAR;G;33;21;1;0;63;5;69;3400000;197;1;Ben
128;J.T. Compher;DET;COL;L;82;17;35;52;34;35;69;5100000;198;0;no
157;Lawson Crouse;ARI;ARI;L;77;24;21;45;48;21;69;4300000;199;0;no
277;J.J. Moser;ARI;ARI;D;82;7;24;31;21;48;69;886667;200;0;Couv
132;Vladimir Tarasenko;OTT;STL,NYR;R;69;18;32;50;36;32;68;5000000;201;0;no
194;Victor Olofsson;BUF;BUF;L;75;28;12;40;56;12;68;4750000;202;0;no
264;Jake Sanderson;OTT;OTT;D;77;4;28;32;12;56;68;925000;203;0;Alain
285;Jacob Trouba;NYR;NYR;D;82;8;22;30;24;44;68;8000000;204;0;no
117;Evgeny Kuznetsov;WAS;WSH;C;81;12;43;55;24;43;67;7800000;205;0;no
124;William Karlsson;VGK;VGK;C;82;14;39;53;28;39;67;5900000;206;0;no
149;Daniel Sprong;DET;SEA;R;66;21;25;46;42;25;67;2000000;207;0;no
155;Filip Chytil;NYR;NYR;C;74;22;23;45;44;23;67;4437500;208;0;no
271;Jeff Petry;DET;PIT;D;61;5;26;31;15;52;67;2343750;209;0;no
289;John Carlson;WAS;WSH;D;40;9;20;29;27;40;67;8000000;210;0;Math
151;Bryan Rust;PIT;PIT;R;81;20;26;46;40;26;66;5125000;211;0;no
275;Mackenzie Weegar;CGY;CGY;D;81;4;27;31;12;54;66;6250000;212;0;no
129;Mathew Barzal;NYI;NYI;C;58;14;37;51;28;37;65;9150000;213;0;no
150;Marcus Johansson;MIN;WSH,MIN;L;80;19;27;46;38;27;65;2000000;214;0;no
153;Morgan Frost;PHI;PHI;C;81;19;27;46;38;27;65;2100000;215;0;no
158;Dominik Kubalik;OTT;DET;L;81;20;25;45;40;25;65;2500000;216;0;Math
159;Oliver Bjorkstrand;SEA;SEA;R;81;20;25;45;40;25;65;5400000;217;0;no
184;Nino Niederreiter;WPG;NSH,WPG;R;78;24;17;41;48;17;65;4000000;218;0;no
190;Wyatt Johnston;DAL;DAL;C;82;24;17;41;48;17;65;894167;219;0;no
287;Brett Pesce;CAR;CAR;D;82;5;25;30;15;50;65;4025000;220;0;no
9999;Jonathan Quick;NYR;LAK,VGK;G;36;16;2;0;48;10;64;825000;221;6;no
147;Valeri Nichushkin;COL;COL;R;53;17;30;47;34;30;64;6125000;222;0;Couv
179;Gabriel Vilardi;WPG;LAK;C;63;23;18;41;46;18;64;3437500;223;0;Mark
9999;Joonas Korpisalo;OTT;CBJ,LAK;G;37;18;1;0;54;5;63;4000000;224;4;no
152;Conor Garland;VAN;VAN;R;81;17;29;46;34;29;63;4950000;225;0;no
162;Dillon Dube;CGY;CGY;C;82;18;27;45;36;27;63;2300000;226;0;no
187;Frank Vatrano;ANA;ANA;R;81;22;19;41;44;19;63;3650000;227;0;no
297;Nick Jensen;WAS;WSH;D;77;5;24;29;15;48;63;4050000;228;0;no
144;Yanni Gourde;SEA;SEA;C;81;14;34;48;28;34;62;5166666;229;0;no
148;Alexander Barabanov;SJS;SJS;L;68;15;32;47;30;32;62;2500000;230;0;no
156;Lucas Raymond;DET;DET;L;74;17;28;45;34;28;62;925000;231;0;Math
172;Barrett Hayton;ARI;ARI;C;82;19;24;43;38;24;62;1775000;232;0;no
227;Cole Caufield;MTL;MTL;R;46;26;10;36;52;10;62;7850000;233;0;Alain
160;Charlie Coyle;BOS;BOS;C;82;16;29;45;32;29;61;5250000;234;0;no
161;Ivan Barbashev;VGK;STL,VGK;C;82;16;29;45;32;29;61;5000000;235;0;no
165;Scott Laughton;PHI;PHI;C;78;18;25;43;36;25;61;3000000;236;0;no
171;Jesperi Kotkaniemi;CAR;CAR;C;82;18;25;43;36;25;61;4820000;237;0;no
173;Filip Forsberg;NAS;NSH;L;50;19;23;42;38;23;61;8500000;238;0;no
193;Jaden Schwartz;SEA;SEA;C;71;21;19;40;42;19;61;5500000;239;0;no
295;Calen Addison;MIN;MIN;D;62;3;26;29;9;52;61;0;240;0;Ben
320;Jaccob Slavin;CAR;CAR;D;76;7;20;27;21;40;61;5300000;241;0;no
336;Matt Roy;LAK;LAK;D;82;9;17;26;27;34;61;3150000;242;0;no
137;Matias Maccelli;ARI;ARI;L;64;11;38;49;22;38;60;3425000;243;0;no
164;Tommy Novak;NAS;NSH;C;51;17;26;43;34;26;60;800000;244;0;no
167;Mason Mctavish;ANA;ANA;C;80;17;26;43;34;26;60;894167;245;0;Couv
169;Andrew Mangiapane;CGY;CGY;L;82;17;26;43;34;26;60;5800000;246;0;no
170;Eetu Luostarinen;FLA;FLA;C;82;17;26;43;34;26;60;1500000;247;0;no
196;Andreas Athanasiou;CHI;CHI;C;81;20;20;40;40;20;60;4250000;248;0;no
210;Adam Henrique;ANA;ANA;C;62;22;16;38;44;16;60;5825000;249;0;no
319;Dylan Demelo;WPG;WPG;D;75;6;21;27;18;42;60;3000000;250;0;no
325;Ivan Provorov;CLB;PHI;D;82;6;21;27;18;42;60;4725000;251;0;no
332;Ryan Graves;PIT;NJD;D;78;8;18;26;24;36;60;4500000;252;0;no
9999;James Reimer;DET;SJS;G;41;12;3;0;36;15;59;1500000;253;8;no
203;Calle Jarnkrok;TOR;TOR;C;73;20;19;39;40;19;59;2100000;254;0;no
349;Jamie Oleksiak;SEA;SEA;D;75;9;16;25;27;32;59;4600000;255;0;no
9999;Cam Talbot;LAK;OTT;G;32;17;1;0;51;5;58;1000000;256;2;no
197;Anthony Beauvillier;VAN;NYI,VAN;L;82;18;22;40;36;22;58;4150000;257;0;no
199;Kaapo Kakko;NYR;NYR;R;82;18;22;40;36;22;58;2100000;258;0;no
318;Kevin Shattenkirk;BOS;ANA;D;75;4;23;27;12;46;58;1050000;259;0;no
323;Colton Parayko;STL;STL;D;79;4;23;27;12;46;58;6500000;260;0;no
356;Bowen Byram;COL;COL;D;42;10;14;24;30;28;58;3850000;261;0;no
217;Frederick Gaudreau;MIN;MIN;C;82;19;19;38;38;19;57;2100000;262;0;no
225;Taylor Raddysh;CHI;CHI;R;78;20;17;37;40;17;57;758333;263;0;no
335;Ryan Pulock;NYI;NYI;D;82;5;21;26;15;42;57;6150000;264;0;no
188;Ryan Strome;ANA;ANA;C;82;15;26;41;30;26;56;5000000;265;0;no
191;Sam Bennett;FLA;FLA;C;63;16;24;40;32;24;56;4425000;266;0;no
195;Kent Johnson;CLB;CBJ;C;79;16;24;40;32;24;56;925000;267;0;Ben
215;Blake Coleman;CGY;CGY;C;82;18;20;38;36;20;56;4900000;268;0;no
221;Brandon Saad;STL;STL;L;71;19;18;37;38;18;56;4500000;269;0;no
331;Matt Grzelcyk;BOS;BOS;D;75;4;22;26;12;44;56;3687500;270;0;no
366;Esa Lindell;DAL;DAL;D;82;8;16;24;24;32;56;5800000;271;0;no
402;Nikita Zadorov;CGY;CGY;D;82;14;7;21;42;14;56;3750000;272;0;no
9999;Philipp Grubauer;SEA;SEA;G;36;17;0;0;51;0;55;5900000;273;4;no
9999;Ukko Pekka Luukkonen;BUF;BUF;G;32;17;0;0;51;0;55;837500;274;4;no
9999;John Gibson;ANA;ANA;G;52;14;1;0;42;5;55;6400000;275;8;no
163;Jack Roslovic;CLB;CBJ;C;77;11;33;44;22;33;55;4000000;276;0;no
186;Erik Haula;NJD;NJD;L;80;14;27;41;28;27;55;3150000;277;0;no
202;Evan Rodrigues;FLA;COL;C;69;16;23;39;32;23;55;3000000;278;0;no
204;Alexis Lafrenière;NYR;NYR;L;81;16;23;39;32;23;55;2325000;279;0;Mark
207;Mark Stone;VGK;VGK;R;43;17;21;38;34;21;55;9500000;280;0;no
239;Shane Pinto;OTT;OTT;C;82;20;15;35;40;15;55;0;281;0;no
205;Joel Farabee;PHI;PHI;L;82;15;24;39;30;24;54;5000000;282;0;no
234;T.J. Oshie;WAS;WSH;R;58;19;16;35;38;16;54;5750000;283;0;no
365;Scott Mayfield;NYI;NYI;D;82;6;18;24;18;36;54;3500000;284;0;no
9999;Jake Allen;MTL;MTL;G;41;15;1;0;45;5;53;3850000;285;3;no
192;Jean-Gabriel Pageau;NYI;NYI;C;70;13;27;40;26;27;53;5000000;286;0;no
206;Seth Jarvis;CAR;CAR;C;82;14;25;39;28;25;53;894167;287;0;Mark
263;Josh Anderson;MTL;MTL;R;69;21;11;32;42;11;53;5500000;288;0;no
350;Jake Mccabe;TOR;CHI,TOR;D;76;3;22;25;9;44;53;2000000;289;0;no
354;Ryan Suter;DAL;DAL;D;82;3;22;25;9;44;53;3650000;290;0;no
357;Adam Boqvist;CLB;CBJ;D;46;5;19;24;15;38;53;2600000;291;0;no
372;Trevor van Riemsdyk;WAS;WSH;D;75;7;16;23;21;32;53;3000000;292;0;no
378;Travis Sanheim;PHI;PHI;D;81;7;16;23;21;32;53;6250000;293;0;no
200;Andre Burakovsky;SEA;SEA;L;49;13;26;39;26;26;52;5500000;294;0;no
209;Kirby Dach;MTL;MTL;C;58;14;24;38;28;24;52;3362500;295;0;no
219;Ryan Hartman;MIN;MIN;R;59;15;22;37;30;22;52;1700000;296;0;Math
226;Conor Sheary;TBL;WSH;L;82;15;22;37;30;22;52;2000000;297;0;no
229;Taylor Hall;CHI;BOS;L;61;16;20;36;32;20;52;6000000;298;0;no
362;Mark Giordano;TOR;TOR;D;78;4;20;24;12;40;52;800000;299;0;no
375;Olli Maatta;DET;DET;D;78;6;17;23;18;34;52;3000000;300;0;no
9999;Samuel Montembeault;MTL;MTL;G;39;16;0;0;48;0;51;1000000;301;3;no
9999;Thatcher Demko;VAN;VAN;G;32;14;1;0;42;5;51;5000000;302;4;no
176;Andrew Copp;DET;DET;C;82;9;33;42;18;33;51;5625000;303;0;no
185;Mikael Granlund;SJS;NSH,PIT;C;79;10;31;41;20;31;51;5000000;304;0;no
216;Alex Wennberg;SEA;SEA;C;82;13;25;38;26;25;51;4500000;305;0;no
218;Noah Cates;PHI;PHI;L;82;13;25;38;26;25;51;2625000;306;0;no
223;Jack Quinn;BUF;BUF;R;75;14;23;37;28;23;51;863333;307;0;Ben
238;Brandon Tanev;SEA;SEA;L;82;16;19;35;32;19;51;3500000;308;0;no
246;Jordan Staal;CAR;CAR;C;81;17;17;34;34;17;51;2900000;309;0;no
355;Brian Dumoulin;SEA;PIT;D;82;1;24;25;3;48;51;3150000;310;0;no
376;Connor Clifton;BUF;BOS;D;78;5;18;23;15;36;51;3333333;311;0;no
208;Nikolaj Ehlers;WPG;WPG;L;45;12;26;38;24;26;50;6000000;312;0;no
228;Alex Iafallo;WPG;LAK;L;59;14;22;36;28;22;50;4000000;313;0;no
9999;Adin Hill;VGK;VGK;G;25;16;0;0;48;0;49;4900000;314;1;no
9999;Casey Desmith;MTL;PIT;G;33;15;0;0;45;0;49;1800000;315;4;no
9999;Matt Murray;DAL;TOR;G;26;14;1;0;42;5;49;775000;316;2;no
220;Teuvo Teravainen;CAR;CAR;L;68;12;25;37;24;25;49;5400000;317;0;no
231;Stefan Noesen;CAR;CAR;R;78;13;23;36;26;23;49;762500;318;0;no
233;Adam Lowry;WPG;WPG;C;82;13;23;36;26;23;49;3250000;319;0;no
236;Cody Glass;NAS;NSH;C;72;14;21;35;28;21;49;2500000;320;0;no
241;Kasperi Kapanen;STL;PIT,STL;R;66;15;19;34;30;19;49;3200000;321;0;no
249;Travis Boyd;ARI;ARI;C;82;15;19;34;30;19;49;1750000;322;0;no
252;Kyle Palmieri;NYI;NYI;C;55;16;17;33;32;17;49;5000000;323;0;no
267;Nicholas Paul;TBL;TBL;L;80;17;15;32;34;15;49;3150000;324;0;no
272;Eeli Tolvanen;SEA;NSH,SEA;R;61;18;13;31;36;13;49;1450000;325;0;no
358;Marcus Pettersson;PIT;PIT;D;68;1;23;24;3;46;49;4025175;326;0;no
360;Matt Benning;SJS;SJS;D;77;1;23;24;3;46;49;1250000;327;0;no
242;Mike Hoffman;SJS;MTL;L;67;14;20;34;28;20;48;4500000;328;0;no
255;Kevin Labanc;SJS;SJS;R;72;15;18;33;30;18;48;4725000;329;0;no
268;Ross Colton;COL;TBL;C;81;16;16;32;32;16;48;4000000;330;0;no
274;Trent Frederic;BOS;BOS;C;79;17;14;31;34;14;48;2300000;331;0;no
374;Nick Leddy;STL;STL;D;78;2;21;23;6;42;48;4000000;332;0;no
379;Brenden Dillon;WPG;WPG;D;82;2;21;23;6;42;48;3900000;333;0;no
386;Luke Schenn;NAS;VAN,TOR;D;70;4;18;22;12;36;48;2750000;334;0;no
392;Adam Pelech;NYI;NYI;D;61;6;15;21;18;30;48;5750000;335;0;no
397;Travis Hamonic;OTT;OTT;D;75;6;15;21;18;30;48;1100000;336;0;no
399;Colin Miller;NJD;DAL;D;79;6;15;21;18;30;48;1850000;337;0;no
9999;Dan Vladar;CGY;CGY;G;23;14;0;0;42;0;47;2200000;338;5;no
250;Jordan Martinook;CAR;CAR;L;82;13;21;34;26;21;47;1800000;339;0;no
283;Pierre Engvall;NYI;TOR,NYI;L;76;17;13;30;34;13;47;3000000;340;0;no
398;Pierre-Olivier Joseph;PIT;PIT;D;75;5;16;21;15;32;47;825000;341;0;no
280;Ryan O'Reilly;NAS;STL,TOR;C;53;16;14;30;32;14;46;4500000;342;0;no
298;Nick Bjugstad;ARI;ARI,EDM;C;78;17;12;29;34;12;46;2100000;343;0;no
342;Kirill Marchenko;CLB;CBJ;R;59;21;4;25;42;4;46;925000;344;0;no
383;Oliver Ekman-Larsson;FLA;VAN;D;54;2;20;22;6;40;46;2250000;345;0;no
388;Alexander Romanov;NYI;NYI;D;76;2;20;22;6;40;46;2500000;346;0;no
400;Jonas Siegenthaler;NJD;NJD;D;80;4;17;21;12;34;46;3400000;347;0;no
9999;Anton Forsberg;OTT;OTT;G;25;11;2;0;33;10;45;2750000;348;2;no
247;Blake Lizotte;LAK;LAK;C;81;11;23;34;22;23;45;1675000;349;0;no
257;Anton Lundell;FLA;FLA;C;73;12;21;33;24;21;45;925000;350;0;no
407;Nick Perbix;TBL;TBL;D;69;5;15;20;15;30;45;1125000;351;0;no
411;Mikey Anderson;LAK;LAK;D;77;5;15;20;15;30;45;4125000;352;0;no
427;Nate Schmidt;WPG;WPG;D;71;7;12;19;21;24;45;5950000;353;0;no
442;Jake Walman;DET;DET;D;63;9;9;18;27;18;45;3400000;354;0;no
253;Sonny Milano;WAS;WSH;L;64;11;22;33;22;22;44;1900000;355;0;no
261;Tyler Johnson;CHI;CHI;C;56;12;20;32;24;20;44;5000000;356;0;no
265;JJ Peterka;BUF;BUF;R;77;12;20;32;24;20;44;855833;357;0;Couv
281;Nicolas Roy;VGK;VGK;C;65;14;16;30;28;16;44;3000000;358;0;no
288;Alex Newhook;MTL;COL;C;82;14;16;30;28;16;44;2900000;359;0;no
301;Evander Kane;EDM;EDM;L;41;16;12;28;32;12;44;5125000;360;0;no
428;Vladislav Gavrikov;LAK;CBJ,LAK;D;72;6;13;19;18;26;44;5875000;361;0;no
438;Calle Rosen;STL;STL;D;49;8;10;18;24;20;44;762500;362;0;no
273;Mason Marchment;DAL;DAL;L;68;12;19;31;24;19;43;4500000;363;0;no
282;Yegor Sharangovich;CGY;NJD;C;75;13;17;30;26;17;43;3100000;364;0;no
309;Jonatan Berggren;DET;DET;R;67;15;13;28;30;13;43;925000;365;0;no
315;Michael Amadio;VGK;VGK;R;67;16;11;27;32;11;43;762500;366;0;no
406;David Savard;MTL;MTL;D;62;3;17;20;9;34;43;3500000;367;0;no
410;Rasmus Ristolainen;PHI;PHI;D;74;3;17;20;9;34;43;5100000;368;0;no
416;Brett Kulak;EDM;EDM;D;82;3;17;20;9;34;43;2750000;369;0;no
417;Will Borgen;SEA;SEA;D;82;3;17;20;9;34;43;2700000;370;0;no
430;Ben Chiarot;DET;DET;D;76;5;14;19;15;28;43;4750000;371;0;no
9999;Charlie Lindgren;WAS;WSH;G;26;13;0;0;39;0;42;1100000;372;3;no
269;Alex Kerfoot;ARI;TOR;C;82;10;22;32;20;22;42;3500000;373;0;no
276;Barclay Goodrow;NYR;NYR;C;82;11;20;31;22;20;42;3641667;374;0;no
286;Colton Sissons;NAS;NSH;C;82;12;18;30;24;18;42;2857143;375;0;no
299;Jeff Carter;PIT;PIT;C;79;13;16;29;26;16;42;3125000;376;0;no
405;Cam York;PHI;PHI;D;54;2;18;20;6;36;42;1600000;377;0;no
408;Ryan Mcdonagh;NAS;NSH;D;71;2;18;20;6;36;42;6750000;378;0;no
446;Timothy Liljegren;TOR;TOR;D;67;6;12;18;18;24;42;1400000;379;0;no
294;James Van Riemsdyk;BOS;PHI;L;61;12;17;29;24;17;41;1000000;380;0;no
302;Ilya Mikheyev;VAN;VAN;R;46;13;15;28;26;15;41;4750000;381;0;no
304;Arthur Kaliyev;LAK;LAK;R;56;13;15;28;26;15;41;894167;382;0;Couv
308;Warren Foegele;EDM;EDM;L;67;13;15;28;26;15;41;2750000;383;0;no
317;Ryan Donato;CHI;SEA;C;71;14;13;27;28;13;41;2000000;384;0;no
340;William Carrier;VGK;VGK;L;56;16;9;25;32;9;41;1400000;385;0;no
454;Braden Schneider;NYR;NYR;D;81;5;13;18;15;26;41;925000;386;0;no
256;Evgenii Dadonov;DAL;MTL,DAL;R;73;7;26;33;14;26;40;2250000;387;0;no
292;Anthony Cirelli;TBL;TBL;C;58;11;18;29;22;18;40;6250000;388;0;no
303;Ryan Johansen;COL;NSH;C;55;12;16;28;24;16;40;4000000;389;0;no
321;Miles Wood;COL;NJD;L;76;13;14;27;26;14;40;2500000;390;0;no
324;Christian Fischer;DET;ARI;R;80;13;14;27;26;14;40;1125000;391;0;no
329;Nico Sturm;SJS;SJS;C;74;14;12;26;28;12;40;2000000;392;0;no
436;Kaiden Guhle;MTL;MTL;D;44;4;14;18;12;28;40;863333;393;0;no
444;John Marino;NJD;NJD;D;64;4;14;18;12;28;40;4400000;394;0;no
9999;Alex Stalock;ANA;CHI;G;24;9;2;0;27;10;39;800000;395;2;no
9999;Kaapo Kahkonen;SJS;SJS;G;37;9;1;0;27;5;39;2750000;396;7;no
284;Jason Dickinson;CHI;CHI;C;78;9;21;30;18;21;39;2650000;397;0;no
290;Michael Rasmussen;DET;DET;C;56;10;19;29;20;19;39;1460000;398;0;no
293;Trevor Moore;LAK;LAK;L;59;10;19;29;20;19;39;4200000;399;0;Math
300;Jesper Fast;CAR;CAR;R;80;10;19;29;20;19;39;2400000;400;0;no
311;Kyle Okposo;BUF;BUF;R;75;11;17;28;22;17;39;2500000;401;0;no
316;Sam Lafferty;TOR;CHI,TOR;C;70;12;15;27;24;15;39;1150000;402;0;no
278;Tyler Bertuzzi;TOR;DET,BOS;L;50;8;22;30;16;22;38;5500000;403;0;Math
279;Cole Perfetti;WPG;WPG;C;51;8;22;30;16;22;38;894167;404;0;Alain
305;Christian Dvorak;MTL;MTL;C;64;10;18;28;20;18;38;4450000;405;0;no
306;Sam Steel;DAL;MIN;C;65;10;18;28;20;18;38;850000;406;0;no
307;Oskar Sundqvist;STL;DET,MIN;C;67;10;18;28;20;18;38;775000;407;0;no
313;Gustav Nyquist;NAS;CBJ,MIN;C;51;11;16;27;22;16;38;3185000;408;0;no
314;Anthony Mantha;WAS;WSH;R;67;11;16;27;22;16;38;5700000;409;0;no
337;Jack Mcbain;ARI;ARI;C;82;12;14;26;24;14;38;1599999;410;0;no
344;Nic Dowd;WAS;WSH;C;65;13;12;25;26;12;38;1300000;411;0;no
363;Pius Suter;VAN;DET;C;79;14;10;24;28;10;38;1600000;412;0;no
448;Erik Brannstrom;OTT;OTT;D;74;2;16;18;6;32;38;2000000;413;0;no
451;Justin Holl;DET;TOR;D;80;2;16;18;6;32;38;3400000;414;0;no
459;Jordan Harris;MTL;MTL;D;65;4;13;17;12;26;38;1400000;415;0;no
474;Nils Lundkvist;DAL;DAL;D;60;6;10;16;18;20;38;925000;416;0;no
481;Martin Fehervary;WAS;WSH;D;67;6;10;16;18;20;38;2675000;417;0;no
488;Jani Hakanpää;DAL;DAL;D;82;6;10;16;18;20;38;1500000;418;0;no
310;Morgan Geekie;BOS;SEA;C;69;9;19;28;18;19;37;2000000;419;0;no
312;Ty Dellandrea;DAL;DAL;C;82;9;19;28;18;19;37;900000;420;0;no
352;Corey Perry;CHI;TBL;R;81;12;13;25;24;13;37;4000000;421;0;no
373;Noel Acciari;PIT;STL,TOR;C;77;14;9;23;28;9;37;2000000;422;0;no
443;Ryan Lindgren;NYR;NYR;D;63;1;17;18;3;34;37;3000000;423;0;no
450;Marc-Edouard Vlasic;SJS;SJS;D;78;1;17;18;3;34;37;7000000;424;0;no
463;Ian Cole;VAN;TBL;D;78;3;14;17;9;28;37;3000000;425;0;no
465;Nicolas Hague;VGK;VGK;D;81;3;14;17;9;28;37;2294150;426;0;no
322;Nick Cousins;FLA;FLA;C;79;9;18;27;18;18;36;1100000;427;0;no
327;Nick Foligno;CHI;BOS;L;60;10;16;26;20;16;36;4000000;428;0;no
334;Jakob Silfverberg;ANA;ANA;R;81;10;16;26;20;16;36;5250000;429;0;no
353;Jimmy Vesey;NYR;NYR;L;81;11;14;25;22;14;36;800000;430;0;no
359;Eric Robinson;CLB;CBJ;L;72;12;12;24;24;12;36;1600000;431;0;no
361;Yakov Trenin;NAS;NSH;C;77;12;12;24;24;12;36;1700000;432;0;no
364;Matt Nieto;PIT;SJS,COL;L;81;12;12;24;24;12;36;900000;433;0;no
462;Radko Gudas;ANA;FLA;D;72;2;15;17;6;30;36;4000000;434;0;no
484;Caleb Jones;CAR;CHI;D;73;4;12;16;12;24;36;775000;435;0;no
489;Josh Mahura;FLA;FLA;D;82;4;12;16;12;24;36;925000;436;0;no
330;Peyton Krebs;BUF;BUF;C;74;9;17;26;18;17;35;863333;437;0;no
338;Logan O'Connor;COL;COL;R;82;9;17;26;18;17;35;1050000;438;0;no
341;Kailer Yamamoto;SEA;EDM;R;58;10;15;25;20;15;35;1500000;439;0;no
345;Mattias Janmark;EDM;EDM;C;66;10;15;25;20;15;35;1000000;440;0;no
381;Tom Wilson;WAS;WSH;R;33;13;9;22;26;9;35;5166667;441;0;no
389;Garnet Hathaway;PHI;WSH,BOS;R;84;13;9;22;26;9;35;2375000;442;0;no
464;Tyler Myers;VAN;VAN;D;78;1;16;17;3;32;35;6000000;443;0;no
466;Brayden Mcnabb;VGK;VGK;D;82;1;16;17;3;32;35;2850000;444;0;no
480;Dmitry Kulikov;FLA;ANA,PIT;D;67;3;13;16;9;26;35;1000000;445;0;no
485;Brandon Carlo;BOS;BOS;D;75;3;13;16;9;26;35;4100000;446;0;no
487;Carson Soucy;VAN;SEA;D;78;3;13;16;9;26;35;3250000;447;0;no
9999;Spencer Martin;VAN;VAN;G;27;11;0;0;33;0;34;762500;448;1;no
326;David Kampf;TOR;TOR;C;82;7;20;27;14;20;34;2400000;449;0;no
346;Philipp Kurashev;CHI;CHI;C;70;9;16;25;18;16;34;2250000;450;0;no
347;Sammy Blais;STL;NYR,STL;L;71;9;16;25;18;16;34;1000000;451;0;no
368;Ryan Mcleod;EDM;EDM;C;57;11;12;23;22;12;34;2100000;452;0;no
377;Dakota Joshua;VAN;VAN;C;79;11;12;23;22;12;34;825000;453;0;no
403;Rafael Harvey-Pinard;MTL;MTL;L;34;14;6;20;28;6;34;1100000;454;0;no
483;Erik Cernak;TBL;TBL;D;70;2;14;16;6;28;34;5200000;455;0;no
493;Justin Barron;MTL;MTL;D;39;4;11;15;12;22;34;925000;456;0;no
529;Jalen Chatfield;CAR;CAR;D;78;6;8;14;18;16;34;762500;457;0;no
9999;Petr Mrazek;CHI;CHI;G;38;10;0;0;30;0;33;3800000;458;3;no
351;Vladislav Namestnikov;WPG;TBL,WPG;C;77;8;17;25;16;17;33;2000000;459;0;no
380;Lars Eller;PIT;WSH,COL;C;84;10;13;23;20;13;33;2450000;460;0;no
412;Derek Ryan;EDM;EDM;C;80;13;7;20;26;7;33;900000;461;0;no
505;Johnathan Kovacevic;MTL;MTL;D;77;3;12;15;9;24;33;766667;462;0;no
506;Jake Middleton;MIN;MIN;D;79;3;12;15;9;24;33;2450000;463;0;no
508;Marc Staal;PHI;FLA;D;82;3;12;15;9;24;33;1100000;464;0;no
546;Connor Murphy;CHI;CHI;D;80;7;6;13;21;12;33;4400000;465;0;no
348;Tyson Jost;BUF;MIN,BUF;C;71;7;18;25;14;18;32;2000000;466;0;no
391;Klim Kostin;DET;EDM;C;57;11;10;21;22;10;32;2000000;467;0;no
418;Ryan Lomberg;FLA;FLA;L;82;12;8;20;24;8;32;800000;468;0;no
511;Nick Blankenburg;CLB;CBJ;D;36;4;10;14;12;20;32;825000;469;0;no
527;Nick Seeler;PHI;PHI;D;77;4;10;14;12;20;32;775000;470;0;no
530;Matt Dumba;ARI;MIN;D;79;4;10;14;12;20;32;3900000;471;0;no
547;Andrew Peeke;CLB;CBJ;D;80;6;7;13;18;14;32;2750000;472;0;no
9999;Connor Ingram;ARI;ARI;G;26;6;1;0;18;5;31;1950000;473;8;no
291;Jonathan Drouin;COL;MTL;L;58;2;27;29;4;27;31;825000;474;0;no
339;Juuso Parssinen;NAS;NSH;C;45;6;19;25;12;19;31;850833;475;0;no
367;Ondrej Palat;NJD;NJD;L;49;8;15;23;16;15;31;6000000;476;0;no
395;Jesper Boqvist;BOS;NJD;C;70;10;11;21;20;11;31;775000;477;0;no
409;Sean Kuraly;CLB;CBJ;C;71;11;9;20;22;9;31;2500000;478;0;no
413;Radek Faksa;DAL;DAL;C;81;11;9;20;22;9;31;3250000;479;0;no
421;Carl Grundstrom;LAK;LAK;R;57;12;7;19;24;7;31;1300000;480;0;no
429;Brock Mcginn;ANA;PIT,ANA;L;75;12;7;19;24;7;31;2750000;481;0;no
439;Paul Cotter;VGK;VGK;C;55;13;5;18;26;5;31;775000;482;0;no
507;Cody Ceci;EDM;EDM;D;80;1;14;15;3;28;31;3250000;483;0;no
522;Jonas Brodin;MIN;MIN;D;60;3;11;14;9;22;31;6000000;484;0;no
526;Alec Martinez;VGK;VGK;D;77;3;11;14;9;22;31;5250000;485;0;no
532;Troy Stecher;ARI;ARI,CGY;D;81;3;11;14;9;22;31;1100000;486;0;no
538;Arber Xhekaj;MTL;MTL;D;51;5;8;13;15;16;31;828333;487;0;no
333;Michael Mcleod;NJD;NJD;C;80;4;22;26;8;22;30;1400000;488;0;no
385;Danton Heinen;BOS;PIT;L;65;8;14;22;16;14;30;0;489;0;no
509;Conor Timmins;TOR;ARI,TOR;D;27;2;12;14;6;24;30;1100000;490;0;no
517;Gavin Bayreuther;DAL;CBJ;D;51;2;12;14;6;24;30;775000;491;0;no
520;Tj Brodie;TOR;TOR;D;58;2;12;14;6;24;30;5000000;492;0;no
525;Ilya Lyubushkin;ANA;BUF;D;68;2;12;14;6;24;30;2750000;493;0;no
370;Fabian Zetterlund;SJS;NJD,SJS;L;67;6;17;23;12;17;29;1450000;494;0;no
384;Emil Bemstrom;CLB;CBJ;R;55;7;15;22;14;15;29;900000;495;0;no
396;Morgan Barron;WPG;WPG;C;70;8;13;21;16;13;29;1350000;496;0;no
414;Joe Veleno;DET;DET;C;81;9;11;20;18;11;29;825000;497;0;no
415;Trevor Lewis;LAK;CGY;C;82;9;11;20;18;11;29;775000;498;0;no
419;Hudson Fasching;NYI;NYI;R;49;10;9;19;20;9;29;775000;499;0;no
422;Nick Bonino;NYR;SJS,PIT;C;62;10;9;19;20;9;29;800000;500;0;no
426;Alexey Toropchenko;STL;STL;R;69;10;9;19;20;9;29;1250000;501;0;no
432;Andrew Cogliano;COL;COL;C;79;10;9;19;20;9;29;825000;502;0;no
433;Steven Lorentz;FLA;SJS;C;80;10;9;19;20;9;29;1050000;503;0;no
540;Henri Jokiharju;BUF;BUF;D;60;3;10;13;9;20;29;2500000;504;0;no
544;Sean Walker;PHI;LAK;D;70;3;10;13;9;20;29;2650000;505;0;no
554;Derek Forbort;BOS;BOS;D;54;5;7;12;15;14;29;3000000;506;0;no
556;Zach Whitecloud;VGK;VGK;D;59;5;7;12;15;14;29;2750000;507;0;no
390;Nicklas Backstrom;WAS;WSH;C;39;7;14;21;14;14;28;9200000;508;0;no
393;Marcus Foligno;MIN;MIN;L;65;7;14;21;14;14;28;3100000;509;0;no
425;Max Jones;ANA;ANA;L;69;9;10;19;18;10;28;1295000;510;0;no
452;Zemgus Girgensons;BUF;BUF;L;80;10;8;18;20;8;28;2500000;511;0;no
458;Sheldon Dries;VAN;VAN;C;63;11;6;17;22;6;28;762500;512;0;no
541;Joel Edmundson;WAS;MTL;D;61;2;11;13;6;22;28;1750000;513;0;no
401;Casey Cizikas;NYI;NYI;C;81;6;15;21;12;15;27;2500000;514;0;no
423;Tyler Motte;TBL;OTT,NYR;C;62;8;11;19;16;11;27;800000;515;0;no
456;Noah Gregor;TOR;SJS;C;57;10;7;17;20;7;27;0;516;0;no
467;Jakub Vrana;STL;DET,STL;L;25;11;5;16;22;5;27;2625000;517;0;no
543;Erik Gudbranson;CLB;CBJ;D;70;1;12;13;3;24;27;4000000;518;0;no
560;Jeremy Lauzon;NAS;NSH;D;67;3;9;12;9;18;27;2000000;519;0;no
404;Adam Ruzicka;CGY;CGY;C;44;6;14;20;12;14;26;762500;520;0;no
431;Milan Lucic;BOS;CGY;L;77;7;12;19;14;12;26;1000000;521;0;no
434;Matt Martin;NYI;NYI;L;81;7;12;19;14;12;26;1500000;522;0;no
447;Keegan Kolesar;VGK;VGK;R;74;8;10;18;16;10;26;1400000;523;0;no
552;Calvin De Haan;TBL;CAR;D;53;2;10;12;6;20;26;775000;524;0;no
561;Jon Merrill;MIN;MIN;D;73;2;10;12;6;20;26;1200000;525;0;no
566;Scott Harrington;ANA;SJS,ANA;D;45;4;7;11;12;14;26;0;526;0;no
575;Mario Ferraro;SJS;SJS;D;72;4;7;11;12;14;26;3250000;527;0;no
382;Quinton Byfield;LAK;LAK;C;53;3;19;22;6;19;25;894167;528;0;no
445;Tomas Nosek;NJD;BOS;L;66;7;11;18;14;11;25;1000000;529;0;no
478;Craig Smith;DAL;BOS,WSH;C;64;9;7;16;18;7;25;1000000;530;0;no
555;Jaycob Megna;SEA;SJS,SEA;D;54;1;11;12;3;22;25;762500;531;0;no
565;Marcus Bjork;CLB;CBJ;D;33;3;8;11;9;16;25;775000;532;0;no
449;Tanner Jeannot;TBL;NSH,TBL;L;76;6;12;18;12;12;24;2665000;533;0;Couv
453;Connor Dewar;MIN;MIN;C;81;6;12;18;12;12;24;800000;534;0;no
460;Denis Gurianov;NAS;DAL,MTL;R;66;7;10;17;14;10;24;850000;535;0;no
498;Wade Allison;PHI;PHI;R;60;9;6;15;18;6;24;785000;536;0;no
569;Jordan Oesterle;CGY;DET;D;52;2;9;11;6;18;24;925000;537;0;no
578;Dante Fabbro;NAS;NSH;D;79;2;9;11;6;18;24;2500000;538;0;no
583;Brad Hunt;COL;COL;D;47;4;6;10;12;12;24;762500;539;0;no
9999;Elvis Merzlikins;CLB;CBJ;G;27;7;0;0;21;0;23;5400000;540;2;no
435;Philip Tomasino;NAS;NSH;C;31;5;13;18;10;13;23;863333;541;0;no
455;Sean Monahan;MTL;MTL;C;25;6;11;17;12;11;23;1985000;542;0;no
468;Robby Fabbri;DET;DET;C;28;7;9;16;14;9;23;4000000;543;0;no
469;Oliver Wahlstrom;NYI;NYI;R;35;7;9;16;14;9;23;874125;544;0;no
475;Tyler Pitlick;NYR;STL;C;61;7;9;16;14;9;23;787500;545;0;no
519;Julien Gauthier;NYI;NYR,OTT;R;57;9;5;14;18;5;23;787500;546;0;no
586;Artem Zub;OTT;OTT;D;53;3;7;10;9;14;23;4600000;547;0;no
593;Simon Benoit;TOR;ANA;D;78;3;7;10;9;14;23;775000;548;0;no
470;Jesse Ylonen;MTL;MTL;R;37;6;10;16;12;10;22;775000;549;0;no
490;Lukas Reichel;CHI;CHI;L;23;7;8;15;14;8;22;925000;550;0;no
491;Luke Evangelista;NAS;NSH;R;24;7;8;15;14;8;22;797500;551;0;no
499;Michael Pezzetta;MTL;MTL;L;63;7;8;15;14;8;22;812500;552;0;no
512;Brendan Gallagher;MTL;MTL;R;37;8;6;14;16;6;22;6500000;553;0;no
514;Sam Gagner;EDM;WPG;C;48;8;6;14;16;6;22;0;554;0;no
579;Josh Manson;COL;COL;D;27;2;8;10;6;16;22;4500000;555;0;no
587;Mattias Samuelsson;BUF;BUF;D;55;2;8;10;6;16;22;4285714;556;0;no
420;Jake Evans;MTL;MTL;C;54;2;17;19;4;17;21;1700000;557;0;no
440;Mathieu Joseph;OTT;OTT;R;56;3;15;18;6;15;21;2950000;558;0;no
461;Cole Smith;NAS;NSH;L;69;4;13;17;8;13;21;775000;559;0;no
471;Mason Appleton;WPG;WPG;C;41;5;11;16;10;11;21;2166667;560;0;no
473;Boris Katchouk;CHI;CHI;L;58;5;11;16;10;11;21;758333;561;0;no
492;Dylan Guenther;ARI;ARI;R;33;6;9;15;12;9;21;894167;562;0;no
494;Nathan Bastian;NJD;NJD;R;43;6;9;15;12;9;21;1350000;563;0;no
495;Rem Pitlick;PIT;MTL;C;46;6;9;15;12;9;21;1100000;564;0;no
504;Oskar Lindblom;SJS;SJS;L;73;6;9;15;12;9;21;2500000;565;0;no
513;Joel Armia;MTL;MTL;R;43;7;7;14;14;7;21;3400000;566;0;no
518;Ryan Poehling;PHI;PIT;C;53;7;7;14;14;7;21;1400000;567;0;no
524;Liam Foudy;CLB;CBJ;C;62;7;7;14;14;7;21;762500;568;0;no
608;Jan Rutta;SJS;PIT;D;56;3;6;9;9;12;21;2750000;569;0;no
477;Teddy Blueger;VAN;PIT,VGK;C;63;4;12;16;8;12;20;1900000;570;0;no
482;Nils Aman;VAN;VAN;C;68;4;12;16;8;12;20;883750;571;0;no
496;Michael Eyssimont;TBL;WPG,SJS,TBL;C;54;5;10;15;10;10;20;800000;572;0;no
500;Mathieu Olivier;CLB;CBJ;R;66;5;10;15;10;10;20;1100000;573;0;no
503;Ryan Reaves;TOR;NYR,MIN;R;73;5;10;15;10;10;20;1350000;574;0;no
510;Alex Belzile;NYR;MTL;R;31;6;8;14;12;8;20;775000;575;0;no
515;Axel Jonsson Fjallby;WPG;WPG;L;50;6;8;14;12;8;20;775000;576;0;no
535;Kiefer Sherwood;NAS;NSH;L;32;7;6;13;14;6;20;775000;577;0;no
577;Austin Watson;TBL;OTT;L;75;9;2;11;18;2;20;0;578;0;no
601;Alexandre Carrier;NAS;NSH;D;43;2;7;9;6;14;20;2500000;579;0;no
497;Aliaksei Protas;WAS;WSH;C;58;4;11;15;8;11;19;789167;580;0;no
531;Patrick Maroon;MIN;TBL;L;80;5;9;14;10;9;19;800000;581;0;no
539;Brett Howden;VGK;VGK;C;54;6;7;13;12;7;19;1900000;582;0;no
549;Jaret Anderson Dolan;LAK;LAK;C;46;7;5;12;14;5;19;775000;583;0;no
551;Mark Jankowski;NAS;NSH;C;50;7;5;12;14;5;19;775000;584;0;no
584;Brandon Duhaime;MIN;MIN;R;51;9;1;10;18;1;19;1100000;585;0;no
609;Jacob Bryson;BUF;BUF;D;59;1;8;9;3;16;19;1850000;586;0;no
612;Zachary Werenski;CLB;CBJ;D;13;3;5;8;9;10;19;9583333;587;0;no
616;Ben Hutton;VGK;VGK;D;31;3;5;8;9;10;19;850000;588;0;no
501;Rasmus Kupari;WPG;LAK;C;66;3;12;15;6;12;18;1000000;589;0;no
523;Isac Lundestrom;ANA;ANA;C;61;4;10;14;8;10;18;1800000;590;0;no
534;Luke Kunin;SJS;SJS;C;31;5;8;13;10;8;18;2750000;591;0;no
536;Pontus Holmberg;TOR;TOR;R;37;5;8;13;10;8;18;800000;592;0;no
548;Phillip Di Giuseppe;VAN;VAN;L;30;6;6;12;12;6;18;775000;593;0;no
550;Cal Clutterbuck;NYI;NYI;R;49;6;6;12;12;6;18;1750000;594;0;no
559;Josh Archibald;TBL;PIT;R;62;6;6;12;12;6;18;800000;595;0;no
562;Nicolas Deslauriers;PHI;PHI;L;80;6;6;12;12;6;18;1750000;596;0;no
564;Walker Duehr;CGY;CGY;R;27;7;4;11;14;4;18;825000;597;0;no
574;Mark Kastelic;OTT;OTT;C;65;7;4;11;14;4;18;835000;598;0;no
599;Victor Soderstrom;ARI;ARI;D;30;0;9;9;0;18;18;863333;599;0;no
621;Kevin Bahl;NJD;NJD;D;42;2;6;8;6;12;18;1050000;600;0;no
622;Jarred Tinordi;CHI;CHI;D;44;2;6;8;6;12;18;1250000;601;0;no
632;Dylan Samberg;WPG;WPG;D;63;2;6;8;6;12;18;1400000;602;0;no
633;Jack Johnson;COL;CHI,COL;D;83;2;6;8;6;12;18;775000;603;0;no
646;Joshua Brown;ARI;ARI;D;68;4;3;7;12;6;18;1275000;604;0;no
533;Yegor Chinakhov;CLB;CBJ;R;30;4;9;13;8;9;17;800000;605;0;no
545;Pierre Edouard Bellemare;SEA;TBL;L;73;4;9;13;8;9;17;775000;606;0;no
558;Aj Greer;BOS;BOS;L;61;5;7;12;10;7;17;762500;607;0;no
571;Jordan Greenway;BUF;MIN,BUF;L;62;6;5;11;12;5;17;3000000;608;0;no
610;Joel Kiviranta;COL;DAL;L;70;8;1;9;16;1;17;0;609;0;no
617;Ian Mitchell;BOS;CHI;D;35;1;7;8;3;14;17;775000;610;0;no
618;Gustav Lindstrom;MTL;DET;D;36;1;7;8;3;14;17;950000;611;0;no
625;Nikita Zaitsev;CHI;OTT,CHI;D;46;1;7;8;3;14;17;4500000;612;0;no
626;Philip Broberg;EDM;EDM;D;46;1;7;8;3;14;17;863333;613;0;no
628;Riley Stillman;BUF;VAN,BUF;D;50;1;7;8;3;14;17;1350000;614;0;no
630;Jacob Macdonald;SJS;COL,SJS;D;58;1;7;8;3;14;17;762500;615;0;no
639;Connor Mackey;NYR;CGY,ARI;D;30;3;4;7;9;8;17;775000;616;0;no
553;Nicolas Aube Kubel;WAS;TOR,WSH;R;53;4;8;12;8;8;16;1225000;617;0;no
557;Patrick Brown;BOS;PHI,OTT;C;61;4;8;12;8;8;16;800000;618;0;no
567;Drew Oconnor;PIT;PIT;L;46;5;6;11;10;6;16;925000;619;0;no
582;Jake Neighbours;STL;STL;L;43;6;4;10;12;4;16;835833;620;0;no
594;Pavel Dorofeyev;VGK;VGK;L;18;7;2;9;14;2;16;825000;621;0;no
631;Erik Johnson;BUF;COL;D;63;0;8;8;0;16;16;3250000;622;0;no
641;Robert Hagg;ANA;DET;D;38;2;5;7;6;10;16;775000;623;0;no
644;Cal Foote;NJD;TBL,NSH;D;50;2;5;7;6;10;16;800000;624;0;no
595;Alex Chiasson;BOS;DET;R;20;6;3;9;12;3;15;0;625;0;no
600;Joey Anderson;CHI;TOR,CHI;R;38;6;3;9;12;3;15;800000;626;0;no
604;Simon Holmstrom;NYI;NYI;R;50;6;3;9;12;3;15;863333;627;0;no
606;Kevin Stenlund;FLA;WPG;C;54;6;3;9;12;3;15;1000000;628;0;no
607;Brett Leason;ANA;ANA;R;54;6;3;9;12;3;15;775000;629;0;no
570;Liam Obrien;ARI;ARI;C;56;3;8;11;6;8;14;775000;630;0;no
573;Cole Sillinger;CLB;CBJ;C;64;3;8;11;6;8;14;925000;631;0;no
581;Juraj Slafkovsky;MTL;MTL;L;39;4;6;10;8;6;14;950000;632;0;Ben
589;Zack Macewen;OTT;PHI,LAK;C;56;4;6;10;8;6;14;775000;633;0;no
590;Dylan Gambrell;TOR;OTT;C;60;4;6;10;8;6;14;775000;634;0;no
591;Saku Maenalanen;COL;WPG;R;64;4;6;10;8;6;14;0;635;0;no
592;Mackenzie Entwistle;CHI;CHI;R;66;4;6;10;8;6;14;800000;636;0;no
650;Daniil Miromanov;VGK;VGK;D;14;2;4;6;6;8;14;762500;637;0;no
655;Alex Goligoski;MIN;MIN;D;46;2;4;6;6;8;14;2000000;638;0;no
563;Vinnie Hinostroza;PIT;BUF;C;26;2;9;11;4;9;13;775000;639;0;no
580;Chris Tierney;NJD;FLA,MTL;C;36;3;7;10;6;7;13;775000;640;0;no
614;Elmer Soderblom;DET;DET;L;21;5;3;8;10;3;13;878333;641;0;no
648;Jake Bean;CLB;CBJ;D;14;1;5;6;3;10;13;2333333;642;0;no
653;Ben Harpur;NYR;NYR;D;42;1;5;6;3;10;13;787500;643;0;no
654;Kurtis Macdermid;COL;COL;D;44;1;5;6;3;10;13;987500;644;0;no
661;Niko Mikkola;FLA;STL,NYR;D;81;1;5;6;3;10;13;2500000;645;0;no
585;Colin Blackwell;CHI;CHI;C;53;2;8;10;4;8;12;1200000;646;0;no
588;Nathan Walker;STL;STL;L;56;2;8;10;4;8;12;775000;647;0;no
598;Nils Hoglander;VAN;VAN;L;25;3;6;9;6;6;12;1100000;648;0;no
605;Dylan Holloway;EDM;EDM;L;51;3;6;9;6;6;12;925000;649;0;no
627;Jack Studnicka;VAN;BOS,VAN;C;48;4;4;8;8;4;12;762500;650;0;no
656;Chris Wideman;MTL;MTL;D;46;0;6;6;0;12;12;762500;651;0;no
657;Colton White;ANA;ANA;D;46;0;6;6;0;12;12;762500;652;0;no
671;Robert Bortuzzo;STL;STL;D;43;2;3;5;6;6;12;950000;653;0;no
674;Kyle Burroughs;SJS;VAN;D;48;2;3;5;6;6;12;1100000;654;0;no
677;Matt Irwin;VAN;WSH;D;61;2;3;5;6;6;12;775000;655;0;no
596;Anthony Duclair;SJS;FLA;L;20;2;7;9;4;7;11;3000000;656;0;no
597;Ridly Greig;OTT;OTT;C;20;2;7;9;4;7;11;863333;657;0;no
602;Brendan Lemieux;CAR;LAK,PHI;L;45;2;7;9;4;7;11;800000;658;0;no
642;Vasily Podkolzin;VAN;VAN;R;39;4;3;7;8;3;11;925000;659;0;Ben
665;Isaak Phillips;CHI;CHI;D;16;1;4;5;3;8;11;859167;660;0;no
672;Zach Bogosian;TBL;TBL;D;46;1;4;5;3;8;11;850000;661;0;no
673;Chad Ruhwedel;PIT;PIT;D;47;1;4;5;3;8;11;800000;662;0;no
603;Devin Shore;SEA;EDM;C;47;1;8;9;2;8;10;775000;663;0;no
611;Jacob Peterson;SJS;DAL,SJS;C;12;2;6;8;4;6;10;775000;664;0;no
620;Jack Drury;CAR;CAR;C;38;2;6;8;4;6;10;925000;665;0;no
624;Rasmus Asplund;FLA;BUF,NSH;C;46;2;6;8;4;6;10;775000;666;0;no
629;Jayson Megna;BOS;COL,ANA;C;55;2;6;8;4;6;10;775000;667;0;no
634;Tyson Foerster;PHI;PHI;R;8;3;4;7;6;4;10;863333;668;0;no
636;Jakob Pelletier;CGY;CGY;L;24;3;4;7;6;4;10;863333;669;0;no
637;Nikita Alexandrov;STL;STL;C;28;3;4;7;6;4;10;816667;670;0;no
638;Filip Zadina;SJS;DET;R;30;3;4;7;6;4;10;1100000;671;0;no
643;Karson Kuhlman;NYI;SEA,WPG;C;47;3;4;7;6;4;10;775000;672;0;no
645;Sam Carrick;ANA;ANA;C;52;3;4;7;6;4;10;850000;673;0;no
649;Cole Guttman;CHI;CHI;C;14;4;2;6;8;2;10;950000;674;0;no
659;Reese Johnson;CHI;CHI;C;57;4;2;6;8;2;10;800000;675;0;no
669;Alexander Alexeyev;WAS;WSH;D;32;0;5;5;0;10;10;825000;676;0;no
670;Vincent Desharnais;EDM;EDM;D;36;0;5;5;0;10;10;762500;677;0;no
676;Brendan Smith;NJD;NJD;D;60;0;5;5;0;10;10;1100000;678;0;no
680;Robin Salo;NYI;NYI;D;11;2;2;4;6;4;10;800000;679;0;no
651;Lane Pederson;EDM;VAN,CBJ;C;27;3;3;6;6;3;9;775000;680;0;no
660;Luke Glendening;TBL;DAL;C;70;3;3;6;6;3;9;800000;681;0;no
679;Ty Smith;PIT;PIT;D;9;1;3;4;3;6;9;775000;682;0;no
688;Matt Kiersted;FLA;FLA;D;20;1;3;4;3;6;9;762500;683;0;no
689;Jakub Zboril;BOS;BOS;D;22;1;3;4;3;6;9;1137500;684;0;no
690;Dennis Gilbert;CGY;CGY;D;23;1;3;4;3;6;9;762500;685;0;no
692;Tyler Tucker;STL;STL;D;26;1;3;4;3;6;9;800000;686;0;no
719;Jordan Gross;NAS;NSH;D;15;3;0;3;9;0;9;762500;687;0;no
652;Logan Brown;TBL;STL;C;30;2;4;6;4;4;8;775000;688;0;no
662;Anthony Richard;BOS;MTL;C;13;3;2;5;6;2;8;775000;689;0;no
667;Jansen Harkins;WPG;WPG;C;22;3;2;5;6;2;8;850000;690;0;no
668;Austin Czarnik;DET;DET;C;29;3;2;5;6;2;8;762500;691;0;no
675;Curtis Lazar;NJD;VAN,NJD;C;49;3;2;5;6;2;8;1000000;692;0;no
685;Nick Cicek;SJS;SJS;D;16;0;4;4;0;8;8;835000;693;0;no
696;Kale Clague;BUF;BUF;D;33;0;4;4;0;8;8;775000;694;0;no
698;Ben Meyers;COL;COL;C;39;4;0;4;8;0;8;775000;695;0;no
699;Andreas Englund;LAK;COL,CHI;D;47;0;4;4;0;8;8;1000000;696;0;no
700;Nathan Beaulieu;CAR;ANA;D;52;0;4;4;0;8;8;0;697;0;no
727;Samuel Bolduc;NYI;NYI;D;17;2;1;3;6;2;8;800000;698;0;no
647;Jakub Voracek;ARI;CBJ;R;11;1;5;6;2;5;7;8250000;699;0;no
664;Nicholas Robertson;TOR;TOR;L;15;2;3;5;4;3;7;796667;700;0;no
687;Alexander Holtz;NJD;NJD;R;19;3;1;4;6;1;7;894167;701;0;Ben
715;Philippe Myers;TBL;TBL;D;11;1;2;3;3;4;7;1400000;702;0;no
723;Darren Raddysh;TBL;TBL;D;17;1;2;3;3;4;7;762500;703;0;no
724;Guillaume Brisebois;VAN;VAN;D;17;1;2;3;3;4;7;775000;704;0;no
728;Filip Roos;CHI;CHI;D;17;1;2;3;3;4;7;925000;705;0;no
730;Logan Stanley;WPG;WPG;D;19;1;2;3;3;4;7;1000000;706;0;no
733;Mark Friedman;PIT;PIT;D;23;1;2;3;3;4;7;775000;707;0;no
737;Radim Simek;SJS;SJS;D;44;1;2;3;3;4;7;2250000;708;0;no
738;Tim Berni;CLB;CBJ;D;59;1;2;3;3;4;7;0;709;0;no
658;David Gustafsson;WPG;WPG;C;46;0;6;6;0;6;6;775000;710;0;no
663;Tanner Pearson;VAN;VAN;L;14;1;4;5;2;4;6;3250000;711;0;no
681;Joe Snively;WAS;WSH;C;12;2;2;4;4;2;6;800000;712;0;no
682;Zac Dalpe;FLA;FLA;C;14;2;2;4;4;2;6;775000;713;0;no
686;Matt Luff;DET;DET;R;19;2;2;4;4;2;6;775000;714;0;no
694;Michael Mccarron;NAS;NSH;R;32;2;2;4;4;2;6;775000;715;0;no
695;Tanner Laczynski;PHI;PHI;C;32;2;2;4;4;2;6;762500;716;0;no
703;Max Pacioretty;WAS;CAR;L;5;3;0;3;6;0;6;2000000;717;0;no
705;Akito Hirose;VAN;VAN;D;7;0;3;3;0;6;6;787500;718;0;no
710;Michael Kesselring;ARI;ARI;D;9;0;3;3;0;6;6;925000;719;0;no
712;Wyatt Kaiser;CHI;CHI;D;9;0;3;3;0;6;6;916667;720;0;no
722;Christian Wolanin;VAN;VAN;D;16;0;3;3;0;6;6;775000;721;0;no
725;Dylan Coghlan;CAR;CAR;D;17;0;3;3;0;6;6;850000;722;0;no
734;Casey Fitzgerald;FLA;BUF,FLA;D;27;0;3;3;0;6;6;775000;723;0;no
736;Dryden Hunt;CGY;NYR,COL,TOR;L;37;3;0;3;6;0;6;775000;724;0;no
761;Simon Edvinsson;DET;DET;D;9;2;0;2;6;0;6;894167;725;0;no
768;Kyle Capobianco;WPG;WPG;D;14;2;0;2;6;0;6;762500;726;0;no
693;Fredrik Olofsson;COL;DAL;L;28;1;3;4;2;3;5;775000;727;0;no
697;Givani Smith;SJS;DET,FLA;R;36;1;3;4;2;3;5;800000;728;0;no
701;Parker Kelly;OTT;OTT;L;55;1;3;4;2;3;5;762500;729;0;no
704;Justin Danforth;CLB;CBJ;R;6;2;1;3;4;1;5;975000;730;0;no
706;Joshua Norris;OTT;OTT;C;8;2;1;3;4;1;5;7950000;731;0;no
707;William Eklund;SJS;SJS;L;8;2;1;3;4;1;5;863333;732;0;no
709;Michael Carcone;ARI;ARI;L;9;2;1;3;4;1;5;775000;733;0;no
711;Samuel Fagemo;LAK;LAK;L;9;2;1;3;4;1;5;775000;734;0;no
720;Aatu Raty;VAN;NYI,VAN;C;15;2;1;3;4;1;5;836667;735;0;no
721;Zach Sanford;ARI;NSH;L;16;2;1;3;4;1;5;800000;736;0;no
742;Luke Hughes;NJD;NJD;D;2;1;1;2;3;2;5;925000;737;0;no
765;Jack Rathbone;VAN;VAN;D;11;1;1;2;3;2;5;850000;738;0;no
766;Jordie Benn;DAL;TOR;D;12;1;1;2;3;2;5;0;739;0;no
773;Marco Scandella;STL;STL;D;20;1;1;2;3;2;5;3275000;740;0;no
702;Andrew Agozzino;ANA;SJS;L;4;1;2;3;2;2;4;775000;741;0;no
718;Pavol Regenda;ANA;ANA;L;14;1;2;3;2;2;4;855000;742;0;no
732;Ryan Carpenter;SJS;NYR;C;22;1;2;3;2;2;4;775000;743;0;no
745;Mac Hollowell;NYR;TOR;D;6;0;2;2;0;4;4;775000;744;0;no
746;Thomas Harley;DAL;DAL;D;6;0;2;2;0;4;4;863333;745;0;no
747;John Hayden;SEA;SEA;C;7;2;0;2;4;0;4;775000;746;0;no
749;Derrick Pouliot;DAL;SJS;D;8;0;2;2;0;4;4;775000;747;0;no
751;Spencer Stastney;NAS;NSH;D;8;0;2;2;0;4;4;925000;748;0;no
752;Henry Thrun;SJS;SJS;D;8;0;2;2;0;4;4;912500;749;0;no
753;Tyler Kleven;OTT;OTT;D;8;0;2;2;0;4;4;916667;750;0;no
760;Brandt Clarke;LAK;LAK;D;9;0;2;2;0;4;4;863333;751;0;no
762;Brayden Pachal;VGK;VGK;D;10;0;2;2;0;4;4;775000;752;0;no
763;Kaedan Korczak;VGK;VGK;D;10;0;2;2;0;4;4;789167;753;0;no
764;Victor Mete;PHI;TOR;D;11;0;2;2;0;4;4;775000;754;0;no
774;Urho Vaakanainen;ANA;ANA;D;23;0;2;2;0;4;4;850000;755;0;no
775;Joel Hanley;DAL;DAL;D;26;0;2;2;0;4;4;787500;756;0;no
777;Zack Kassian;ANA;ARI;R;51;2;0;2;4;0;4;0;757;0;no
717;Andreas Johnsson;PIT;NJD,SJS;L;13;0;3;3;0;3;3;800000;758;0;no
729;Grigori Denisenko;FLA;FLA;L;18;0;3;3;0;3;3;775000;759;0;no
740;Lukas Rousek;BUF;BUF;R;2;1;1;2;2;1;3;775000;760;0;no
743;Egor Sokolov;OTT;OTT;L;5;1;1;2;2;1;3;0;761;0;no
748;Austin Wagner;PIT;CHI;L;7;1;1;2;2;1;3;0;762;0;no
755;Shane Wright;SEA;SEA;C;8;1;1;2;2;1;3;918333;763;0;no
756;Byron Froese;VGK;VGK;C;9;1;1;2;2;1;3;762500;764;0;no
757;Beck Malenstyn;WAS;WSH;L;9;1;1;2;2;1;3;762500;765;0;no
771;Jonny Brodzinski;NYR;NYR;C;17;1;1;2;2;1;3;762500;766;0;no
793;Drew Helleson;ANA;ANA;D;3;1;0;1;3;0;3;925000;767;0;no
806;Cole Mcward;VAN;VAN;D;5;1;0;1;3;0;3;922500;768;0;no
823;Nikita Okhotiuk;SJS;NJD;D;10;1;0;1;3;0;3;789167;769;0;no
828;Travis Dermott;ARI;VAN;D;11;1;0;1;3;0;3;800000;770;0;no
832;Nikolai Knyzhov;SJS;SJS;D;12;1;0;1;3;0;3;1250000;771;0;no
837;Libor Hajek;PIT;NYR;D;16;1;0;1;3;0;3;0;772;0;no
739;Nick Abruzzese;TOR;TOR;C;2;0;2;2;0;2;2;775000;773;0;no
750;Otto Koivula;NYI;NYI;L;8;0;2;2;0;2;2;800000;774;0;no
754;Thomas Bordeleau;SJS;SJS;C;8;0;2;2;0;2;2;916667;775;0;no
767;Hunter Mckown;CLB;CBJ;C;12;0;2;2;0;2;2;950000;776;0;no
769;Ross Johnston;NYI;NYI;L;16;0;2;2;0;2;2;1100000;777;0;no
778;Connor Carrick;SEA;BOS;D;1;0;1;1;0;2;2;775000;778;0;no
779;Kyle Criscuolo;NJD;SJS;C;1;1;0;1;2;0;2;775000;779;0;no
781;Lucas Condotta;MTL;MTL;C;1;1;0;1;2;0;2;775000;780;0;no
785;Tyler Angle;CLB;CBJ;C;2;1;0;1;2;0;2;850833;781;0;no
788;Stanislav Svozil;CLB;CBJ;D;2;0;1;1;0;2;2;825000;782;0;no
790;Tucker Poolman;VAN;VAN;D;3;0;1;1;0;2;2;2500000;783;0;no
792;Oskar Steen;BOS;BOS;C;3;1;0;1;2;0;2;800000;784;0;no
796;Vincent Iorio;WAS;WSH;D;3;0;1;1;0;2;2;814167;785;0;no
797;Jake Muzzin;TOR;TOR;D;4;0;1;1;0;2;2;5625000;786;0;no
799;Steven Santini;LAK;STL;D;4;0;1;1;0;2;2;800000;787;0;no
801;David Gust;CHI;CHI;R;4;1;0;1;2;0;2;762500;788;0;no
805;Jake Livingstone;NAS;NSH;D;5;0;1;1;0;2;2;775000;789;0;no
807;Dylan Mcilrath;WAS;WSH;D;6;0;1;1;0;2;2;775000;790;0;no
808;John Leonard;ARI;NSH;L;6;1;0;1;2;0;2;775000;791;0;no
809;Nolan Foote;NJD;NJD;L;6;1;0;1;2;0;2;863333;792;0;no
810;Alex Vlasic;CHI;CHI;D;6;0;1;1;0;2;2;916667;793;0;no
811;Jordan Spence;LAK;LAK;D;6;0;1;1;0;2;2;820000;794;0;no
812;Aidan Mcdonough;VAN;VAN;L;6;1;0;1;2;0;2;925000;795;0;no
813;Matej Blumel;DAL;DAL;R;6;1;0;1;2;0;2;925000;796;0;no
814;Sean Farrell;MTL;MTL;C;6;1;0;1;2;0;2;897500;797;0;no
815;Brett Seney;CHI;CHI;L;7;1;0;1;2;0;2;775000;798;0;no
816;Corey Schueneman;COL;MTL;D;7;0;1;1;0;2;2;775000;799;0;no
820;Nikita Nesterenko;ANA;ANA;C;9;1;0;1;2;0;2;925000;800;0;no
821;Billy Sweezey;CLB;CBJ;D;9;0;1;1;0;2;2;762500;801;0;no
822;Mike Reilly;FLA;BOS;D;10;0;1;1;0;2;2;1000000;802;0;no
824;Ville Heinola;WPG;WPG;D;10;0;1;1;0;2;2;863333;803;0;no
825;Tobias Bjornfot;LAK;LAK;D;10;0;1;1;0;2;2;775000;804;0;no
826;Radim Zohorna;PIT;CGY,TOR;L;10;1;0;1;2;0;2;775000;805;0;no
829;Jacob Lucchini;MIN;OTT;C;11;1;0;1;2;0;2;775000;806;0;no
830;Parker Wotherspoon;BOS;NYI;D;12;0;1;1;0;2;2;775000;807;0;no
831;Cale Fleury;SEA;SEA;D;12;0;1;1;0;2;2;800000;808;0;no
836;Milos Kelemen;ARI;ARI;L;14;1;0;1;2;0;2;817500;809;0;no
839;Cole Koepke;TBL;TBL;L;17;1;0;1;2;0;2;775000;810;0;no
840;Egor Afanasyev;NAS;NSH;L;17;1;0;1;2;0;2;789167;811;0;no
844;Kevin Gravel;NAS;NSH;D;23;0;1;1;0;2;2;762500;812;0;no
845;Haydn Fleury;TBL;TBL;D;29;0;1;1;0;2;2;762500;813;0;no
782;Kyle Clifford;TOR;TOR;L;2;0;1;1;0;1;1;762500;814;0;no
784;Kristian Reichel;WPG;WPG;C;2;0;1;1;0;1;1;775000;815;0;no
786;Justin Richards;BUF;CBJ;C;2;0;1;1;0;1;1;775000;816;0;no
787;Mikael Pyyhtia;CLB;CBJ;L;2;0;1;1;0;1;1;897500;817;0;no
791;Luke Philp;CHI;CHI;C;3;0;1;1;0;1;1;775000;818;0;no
795;Matthew Knies;TOR;TOR;L;3;0;1;1;0;1;1;925000;819;0;no
802;Brendan Gaunce;CLB;CBJ;C;5;0;1;1;0;1;1;762500;820;0;no
803;Dominic Toninato;WPG;WPG;C;5;0;1;1;0;1;1;775000;821;0;no
804;Joona Koppanen;PIT;BOS;L;5;0;1;1;0;1;1;775000;822;0;no
818;Olle Lycksell;PHI;PHI;R;8;0;1;1;0;1;1;787500;823;0;no
827;Bobby Mcmann;TOR;TOR;C;10;0;1;1;0;1;1;762500;824;0;no
833;William Lockwood;FLA;VAN;R;13;0;1;1;0;1;1;775000;825;0;no
834;Jonas Rondbjerg;VGK;VGK;R;13;0;1;1;0;1;1;766667;826;0;no
835;Carson Meyer;CLB;CBJ;R;14;0;1;1;0;1;1;775000;827;0;no
838;Kevin Rooney;CGY;CGY;C;17;0;1;1;0;1;1;1300000;828;0;no
842;Marco Rossi;MIN;MIN;C;19;0;1;1;0;1;1;863333;829;0;no
847;Chris Wagner;COL;BOS;R;1;0;0;0;0;0;0;775000;830;0;no
850;Hayden Hodgson;LAK;PHI;R;1;0;0;0;0;0;0;800000;831;0;no
854;Jeremy Davies;BUF;BUF;D;1;0;0;0;0;0;0;775000;832;0;no
856;Vinni Lettieri;MIN;BOS;C;1;0;0;0;0;0;0;775000;833;0;no
857;Shane Bowers;NJD;COL;C;1;0;0;0;0;0;0;775000;834;0;no
858;Lias Andersson;MTL;LAK;C;1;0;0;0;0;0;0;775000;835;0;no
859;Nick Swaney;MIN;MIN;R;1;0;0;0;0;0;0;775000;836;0;no
860;Sheldon Rempal;VGK;VGK;R;1;0;0;0;0;0;0;762500;837;0;no
861;Gabriel Fortier;TBL;TBL;L;1;0;0;0;0;0;0;775000;838;0;no
862;Adam Ginning;PHI;PHI;D;1;0;0;0;0;0;0;883750;839;0;no
864;Hugh Mcging;STL;STL;L;1;0;0;0;0;0;0;775000;840;0;no
865;Maxence Guenette;OTT;OTT;D;1;0;0;0;0;0;0;813333;841;0;no
866;William Dufour;NYI;NYI;R;1;0;0;0;0;0;0;859167;842;0;no
868;Oskar Olausson;COL;COL;R;1;0;0;0;0;0;0;863333;843;0;no
869;Owen Beck;MTL;MTL;C;1;0;0;0;0;0;0;885000;844;0;no
870;Marco Kasper;DET;DET;C;1;0;0;0;0;0;0;918333;845;0;no
872;Steven Fogarty;MIN;MIN;C;2;0;0;0;0;0;0;762500;846;0;no
873;Dakota Mermis;MIN;MIN;D;2;0;0;0;0;0;0;775000;847;0;no
874;Matthew Highmore;OTT;STL;C;2;0;0;0;0;0;0;775000;848;0;no
875;Lucas Johansen;WAS;WSH;D;2;0;0;0;0;0;0;762500;849;0;no
877;Dennis Cholowski;NYI;NYI;D;2;0;0;0;0;0;0;762500;850;0;no
878;Jacob Moverare;LAK;LAK;D;2;0;0;0;0;0;0;762500;851;0;no
879;Lucas Carlsson;FLA;FLA;D;2;0;0;0;0;0;0;775000;852;0;no
880;Matthew Phillips;WAS;CGY;R;2;0;0;0;0;0;0;775000;853;0;no
884;Benoit Olivier Groulx;ANA;ANA;C;2;0;0;0;0;0;0;775000;854;0;no
885;Jan Jenik;ARI;ARI;R;2;0;0;0;0;0;0;0;855;0;no
886;Ronnie Attard;PHI;PHI;D;2;0;0;0;0;0;0;850000;856;0;no
887;Lassi Thomson;OTT;OTT;D;2;0;0;0;0;0;0;863333;857;0;no
888;Jackson Lacombe;ANA;ANA;D;2;0;0;0;0;0;0;925000;858;0;no
889;Vladislav Kolyachonok;ARI;ARI;D;2;0;0;0;0;0;0;789167;859;0;no
890;Tyce Thompson;NJD;NJD;R;2;0;0;0;0;0;0;762500;860;0;no
891;Brock Faber;MIN;MIN;D;2;0;0;0;0;0;0;925000;861;0;no
892;Callahan Burke;COL;COL;C;2;0;0;0;0;0;0;775000;862;0;no
893;Samuel Knazko;CLB;CBJ;D;2;0;0;0;0;0;0;847500;863;0;no
894;Matthew Kessel;STL;STL;D;2;0;0;0;0;0;0;883750;864;0;no
895;Marc Mclaughlin;BOS;BOS;C;2;0;0;0;0;0;0;775000;865;0;no
897;Gustav Olofsson;SEA;SEA;D;3;0;0;0;0;0;0;775000;866;0;no
898;Dillon Heatherington;OTT;OTT;D;3;0;0;0;0;0;0;762500;867;0;no
900;Glenn Gawdin;ANA;ANA;C;3;0;0;0;0;0;0;762500;868;0;no
901;Maxime Lajoie;TOR;CAR;D;3;0;0;0;0;0;0;775000;869;0;no
903;Riley Tufte;COL;DAL;L;3;0;0;0;0;0;0;775000;870;0;no
904;Marian Studenic;SEA;DAL;L;3;0;0;0;0;0;0;775000;871;0;no
905;Jonathan Gruden;PIT;PIT;C;3;0;0;0;0;0;0;775000;872;0;no
906;Taro Hirose;DET;DET;L;3;0;0;0;0;0;0;850000;873;0;no
907;Tristen Robins;SJS;SJS;C;3;0;0;0;0;0;0;797500;874;0;no
908;Adam Raska;SJS;SJS;R;3;0;0;0;0;0;0;848333;875;0;no
909;Alex Steeves;TOR;TOR;C;3;0;0;0;0;0;0;834167;876;0;no
911;Taylor Fedun;PIT;PIT;D;4;0;0;0;0;0;0;762500;877;0;no
912;Connor Brown;EDM;WSH;R;4;0;0;0;0;0;0;775000;878;0;no
914;Drake Caggiula;EDM;PIT;L;4;0;0;0;0;0;0;775000;879;0;no
915;Jeffrey Viel;WPG;SJS;L;4;0;0;0;0;0;0;775000;880;0;no
916;Nick Desimone;CGY;CGY;D;4;0;0;0;0;0;0;762500;881;0;no
917;Arnaud Durandeau;NYI;NYI;L;4;0;0;0;0;0;0;762500;882;0;no
918;Alec Regula;BOS;CHI;D;4;0;0;0;0;0;0;775000;883;0;no
919;Nathan Smith;ARI;ARI;C;4;0;0;0;0;0;0;775000;884;0;no
920;Alex Turcotte;LAK;LAK;C;4;0;0;0;0;0;0;894167;885;0;no
921;Will Cuylle;NYR;NYR;L;4;0;0;0;0;0;0;828333;886;0;no
922;Elliot Desnoyers;PHI;PHI;L;4;0;0;0;0;0;0;825000;887;0;no
923;David Jiricek;CLB;CBJ;D;4;0;0;0;0;0;0;918333;888;0;no
924;Bokondji Imama;OTT;ARI;L;5;0;0;0;0;0;0;775000;889;0;no
925;Fredrik Karlstrom;DAL;DAL;C;5;0;0;0;0;0;0;775000;890;0;no
926;Mikhail Maltsev;LAK;COL;L;5;0;0;0;0;0;0;775000;891;0;no
929;Roland Mckeown;NAS;NSH;D;6;0;0;0;0;0;0;762500;892;0;no
930;Rourke Chartier;OTT;OTT;C;6;0;0;0;0;0;0;775000;893;0;no
932;Connor Mcmichael;WAS;WSH;C;6;0;0;0;0;0;0;863333;894;0;no
933;Justin Kirkland;ARI;ANA;C;7;0;0;0;0;0;0;775000;895;0;no
934;Jacob Larsson;OTT;OTT;D;7;0;0;0;0;0;0;775000;896;0;no
936;Jamie Drysdale;ANA;ANA;D;8;0;0;0;0;0;0;0;897;0;Mark
938;Mike Hardman;CHI;CHI;L;8;0;0;0;0;0;0;800000;898;0;no
941;Adam Beckman;MIN;MIN;L;9;0;0;0;0;0;0;894167;899;0;no
942;Jean Luc Foudy;COL;COL;C;9;0;0;0;0;0;0;847500;900;0;no
943;Brad Malone;EDM;EDM;C;10;0;0;0;0;0;0;762500;901;0;no
944;James Hamblin;EDM;EDM;L;10;0;0;0;0;0;0;807500;902;0;no
947;Noah Juulsen;VAN;VAN;D;12;0;0;0;0;0;0;775000;903;0;no
948;Anton Blidh;NYR;COL;L;14;0;0;0;0;0;0;775000;904;0;no
949;Dysin Mayo;VGK;ARI;D;15;0;0;0;0;0;0;950000;905;0;no
950;Markus Niemelainen;EDM;EDM;D;23;0;0;0;0;0;0;762500;906;0;no
951;Jake Leschyshyn;NYR;VGK,NYR;C;35;0;0;0;0;0;0;766667;907;0;no
9999;Adam Wilsby;NAS;None;D;0;0;0;0;0;0;0;842500;9999;0;no
9999;Aidan Fulp;NYI;None;D;0;0;0;0;0;0;0;870000;9999;0;no
9999;Albert Johansson;DET;None;D;0;0;0;0;0;0;0;820000;9999;0;no
9999;Aleksi Heimosalmi;CAR;None;D;0;0;0;0;0;0;0;805833;9999;0;no
9999;Alex Petrovic;DAL;None;D;0;0;0;0;0;0;0;775000;9999;0;no
9999;Anton Malmstrom;STL;None;D;0;0;0;0;0;0;0;910000;9999;0;no
9999;Antti Tuomisto;DET;None;D;0;0;0;0;0;0;0;867500;9999;0;no
9999;Anttoni Honka;CAR;None;D;0;0;0;0;0;0;0;836667;9999;0;no
9999;Artem Grushnikov;DAL;None;D;0;0;0;0;0;0;0;814167;9999;0;no
9999;Artem Guryev;SJS;None;D;0;0;0;0;0;0;0;860000;9999;0;no
9999;Artemi Kniazev;WPG;None;D;0;0;0;0;0;0;0;789167;9999;0;no
9999;Ashton Sautner;WPG;None;D;0;0;0;0;0;0;0;775000;9999;0;no
9999;Benjamin Gleason;EDM;None;D;0;0;0;0;0;0;0;775000;9999;0;no
9999;Brady Keeper;MTL;None;D;0;0;0;0;0;0;0;775000;9999;0;no
9999;Brady Lyle;CGY;None;D;0;0;0;0;0;0;0;775000;9999;0;no
9999;Brandon Scanlin;NYR;None;D;0;0;0;0;0;0;0;775000;9999;0;no
9999;Brogan Rafferty;DET;None;D;0;0;0;0;0;0;0;775000;9999;0;no
9999;Calle Odelius;NYI;None;D;0;0;0;0;0;0;0;846667;9999;0;no
9999;Calle Sjalin;FLA;None;D;0;0;0;0;0;0;0;855000;9999;0;no
9999;Cam Dineen;EDM;None;D;0;0;0;0;0;0;0;775000;9999;0;no
9999;Cameron Crotty;ARI;None;D;0;0;0;0;0;0;0;775000;9999;0;no
9999;Carson Lambos;MIN;None;D;0;0;0;0;0;0;0;863333;9999;0;no
9999;Chase Priskie;WAS;None;D;0;0;0;0;0;0;0;775000;9999;0;no
9999;Christian Kyrou;DAL;None;D;0;0;0;0;0;0;0;878333;9999;0;no
9999;Christoffer Sedoff;VGK;None;D;0;0;0;0;0;0;0;870000;9999;0;no
9999;Christopher Tanev;CGY;None;D;0;0;0;0;0;0;0;4500000;9999;0;no
9999;Cole Krygier;LAK;None;D;0;0;0;0;0;0;0;837500;9999;0;no
9999;Colton Poolman;CGY;None;D;0;0;0;0;0;0;0;775000;9999;0;no
9999;Corson Ceulemans;CLB;None;D;0;0;0;0;0;0;0;925000;9999;0;no
9999;Daemon Hunt;MIN;None;D;0;0;0;0;0;0;0;828333;9999;0;no
9999;Daniel Renouf;BOS;None;D;0;0;0;0;0;0;0;762500;9999;0;no
9999;Daniil Chayka;VGK;None;D;0;0;0;0;0;0;0;825000;9999;0;no
9999;Daniil Misyul;NJD;None;D;0;0;0;0;0;0;0;867500;9999;0;no
9999;David Reinbacher;MTL;None;D;0;0;0;0;0;0;0;950000;9999;0;no
9999;David Spacek;MIN;None;D;0;0;0;0;0;0;0;862500;9999;0;no
9999;Declan Carlile;TBL;None;D;0;0;0;0;0;0;0;855000;9999;0;no
9999;Declan Chisholm;WPG;None;D;0;0;0;0;0;0;0;0;9999;0;no
9999;Denton Mateychuk;CLB;None;D;0;0;0;0;0;0;0;918333;9999;0;no
9999;Dmitri Kuzmin;WPG;None;D;0;0;0;0;0;0;0;795556;9999;0;no
9999;Domenick Fensore;CAR;None;D;0;0;0;0;0;0;0;925000;9999;0;no
9999;Donovan Sebrango;OTT;None;D;0;0;0;0;0;0;0;828333;9999;0;no
9999;Eemil Viro;DET;None;D;0;0;0;0;0;0;0;828333;9999;0;no
9999;Elias Pettersson2;VAN;None;D;0;0;0;0;0;0;0;870000;9999;0;no
9999;Elias Salomonsson;WPG;None;D;0;0;0;0;0;0;0;846667;9999;0;no
9999;Emil Andrae;PHI;None;D;0;0;0;0;0;0;0;903333;9999;0;no
9999;Emil Martinsen Lilleberg;TBL;None;D;0;0;0;0;0;0;0;870000;9999;0;no
9999;Emil Pieniniemi;PIT;None;D;0;0;0;0;0;0;0;870000;9999;0;no
9999;Ethan Del Mastro;CHI;None;D;0;0;0;0;0;0;0;855833;9999;0;no
9999;Ethan Samson;PHI;None;D;0;0;0;0;0;0;0;846667;9999;0;no
9999;Evan Nause;FLA;None;D;0;0;0;0;0;0;0;864167;9999;0;no
9999;Filip Johansson;VAN;None;D;0;0;0;0;0;0;0;883750;9999;0;no
9999;Gannon Laroque;SJS;None;D;0;0;0;0;0;0;0;836667;9999;0;no
9999;Gavin White;DAL;None;D;0;0;0;0;0;0;0;857500;9999;0;no
9999;Gianni Fairbrother;COL;None;D;0;0;0;0;0;0;0;848333;9999;0;no
9999;Grant Hutton;NYI;None;D;0;0;0;0;0;0;0;775000;9999;0;no
9999;Griffin Mendel;CAR;None;D;0;0;0;0;0;0;0;790000;9999;0;no
9999;Hardy Haman Aktell;WAS;None;D;0;0;0;0;0;0;0;870000;9999;0;no
9999;Helge Grans;PHI;None;D;0;0;0;0;0;0;0;847500;9999;0;no
9999;Hunter Skinner;STL;None;D;0;0;0;0;0;0;0;850833;9999;0;no
9999;Ilya Solovyov;CGY;None;D;0;0;0;0;0;0;0;828333;9999;0;no
9999;Isaac Belliveau;PIT;None;D;0;0;0;0;0;0;0;875000;9999;0;no
9999;Jack Ahcan;COL;None;D;0;0;0;0;0;0;0;775000;9999;0;no
9999;Jack Matier;NAS;None;D;0;0;0;0;0;0;0;801667;9999;0;no
9999;Jack St Ivany;PIT;None;D;0;0;0;0;0;0;0;857500;9999;0;no
9999;Jack Thompson;TBL;None;D;0;0;0;0;0;0;0;828333;9999;0;no
9999;Jacob Bernard Docker;OTT;None;D;0;0;0;0;0;0;0;805000;9999;0;no
9999;Jacob Christiansen;CLB;None;D;0;0;0;0;0;0;0;775000;9999;0;no
9999;Jakub Dvorak;LAK;None;D;0;0;0;0;0;0;0;900000;9999;0;no
9999;Jared Mcisaac;DET;None;D;0;0;0;0;0;0;0;787500;9999;0;no
9999;Jayden Struble;MTL;None;D;0;0;0;0;0;0;0;867500;9999;0;no
9999;Jerad Rosburg;DAL;None;D;0;0;0;0;0;0;0;775000;9999;0;no
9999;Jeremie Biakabutuka;STL;None;D;0;0;0;0;0;0;0;825000;9999;0;no
9999;Jeremie Poirier;CGY;None;D;0;0;0;0;0;0;0;823333;9999;0;no
9999;Jett Woo;VAN;None;D;0;0;0;0;0;0;0;775000;9999;0;no
9999;Jimmy Schuldt;SEA;None;D;0;0;0;0;0;0;0;775000;9999;0;no
9999;Joe Fleming;VGK;None;D;0;0;0;0;0;0;0;836667;9999;0;no
9999;Joe Hicketts;LAK;None;D;0;0;0;0;0;0;0;775000;9999;0;no
9999;John Ludvig;FLA;None;D;0;0;0;0;0;0;0;775000;9999;0;no
9999;Jorian Donovan;OTT;None;D;0;0;0;0;0;0;0;818333;9999;0;no
9999;Joseph Cecconi;BUF;None;D;0;0;0;0;0;0;0;775000;9999;0;no
9999;Josh Jacobs;STL;None;D;0;0;0;0;0;0;0;775000;9999;0;no
9999;Keaton Middleton;COL;None;D;0;0;0;0;0;0;0;775000;9999;0;no
9999;Kevin Connauton;LAK;None;D;0;0;0;0;0;0;0;762500;9999;0;no
9999;Kevin Korchinski;CHI;None;D;0;0;0;0;0;0;0;918333;9999;0;no
9999;Kim Nousiainen;LAK;None;D;0;0;0;0;0;0;0;859167;9999;0;no
9999;Kirill Kudryavtsev;VAN;None;D;0;0;0;0;0;0;0;850000;9999;0;no
9999;Kyle Masters;MIN;None;D;0;0;0;0;0;0;0;865000;9999;0;no
9999;Layton Ahac;VGK;None;D;0;0;0;0;0;0;0;897500;9999;0;no
9999;Leo Loof;STL;None;D;0;0;0;0;0;0;0;867500;9999;0;no
9999;Leon Gawanke;SJS;None;D;0;0;0;0;0;0;0;775000;9999;0;no
9999;Lian Bichsel;DAL;None;D;0;0;0;0;0;0;0;950000;9999;0;no
9999;Logan Mailloux;MTL;None;D;0;0;0;0;0;0;0;875000;9999;0;no
9999;Louis Belpedio;PHI;None;D;0;0;0;0;0;0;0;775000;9999;0;no
9999;Louis Crevier;CHI;None;D;0;0;0;0;0;0;0;850833;9999;0;no
9999;Lukas Cormier;VGK;None;D;0;0;0;0;0;0;0;793333;9999;0;no
9999;Luke Prokop;NAS;None;D;0;0;0;0;0;0;0;793333;9999;0;no
9999;Maksymilian Szuber;ARI;None;D;0;0;0;0;0;0;0;859167;9999;0;no
9999;Marc Andre Gaudet;STL;None;D;0;0;0;0;0;0;0;830000;9999;0;no
9999;Marc Del Gaizo;NAS;None;D;0;0;0;0;0;0;0;850833;9999;0;no
9999;Marek Alscher;FLA;None;D;0;0;0;0;0;0;0;896667;9999;0;no
9999;Marshall Rifai;TOR;None;D;0;0;0;0;0;0;0;775000;9999;0;no
9999;Mason Lohrei;BOS;None;D;0;0;0;0;0;0;0;925000;9999;0;no
9999;Mason Millman;PHI;None;D;0;0;0;0;0;0;0;818333;9999;0;no
9999;Matthew Robertson;NYR;None;D;0;0;0;0;0;0;0;797500;9999;0;no
9999;Mattias Norlinder;MTL;None;D;0;0;0;0;0;0;0;859167;9999;0;no
9999;Maveric Lamoureux;ARI;None;D;0;0;0;0;0;0;0;918333;9999;0;no
9999;Maximus Wanner;EDM;None;D;0;0;0;0;0;0;0;828333;9999;0;no
9999;Maxwell Crozier;TBL;None;D;0;0;0;0;0;0;0;867500;9999;0;no
9999;Michael Benning;FLA;None;D;0;0;0;0;0;0;0;916667;9999;0;no
9999;Michael Buchinger;STL;None;D;0;0;0;0;0;0;0;870000;9999;0;no
9999;Michael Callahan;BOS;None;D;0;0;0;0;0;0;0;883750;9999;0;no
9999;Michael Vukojevic;NJD;None;D;0;0;0;0;0;0;0;850833;9999;0;no
9999;Mikko Kokkonen;TOR;None;D;0;0;0;0;0;0;0;846667;9999;0;no
9999;Mitch Reinke;SEA;None;D;0;0;0;0;0;0;0;775000;9999;0;no
9999;Montana Onyebuchi;ARI;None;D;0;0;0;0;0;0;0;825000;9999;0;no
9999;Nathan Clurman;COL;None;D;0;0;0;0;0;0;0;775000;9999;0;no
9999;Nathan Staios;FLA;None;D;0;0;0;0;0;0;0;859167;9999;0;no
9999;Nicolas Beaudin;MTL;None;D;0;0;0;0;0;0;0;775000;9999;0;no
9999;Nikita Novikov;BUF;None;D;0;0;0;0;0;0;0;867500;9999;0;no
9999;Nikolas Brouillard;NYR;None;D;0;0;0;0;0;0;0;775000;9999;0;no
9999;Nikolas Matinpalo;OTT;None;D;0;0;0;0;0;0;0;885000;9999;0;no
9999;Noah Warren;ANA;None;D;0;0;0;0;0;0;0;896667;9999;0;no
9999;Noel Hoefenmayer;EDM;None;D;0;0;0;0;0;0;0;845000;9999;0;no
9999;Nolan Allan;CHI;None;D;0;0;0;0;0;0;0;825000;9999;0;no
9999;Ole Julian Bjorgvik Holm;CLB;None;D;0;0;0;0;0;0;0;825000;9999;0;no
9999;Olen Zellweger;ANA;None;D;0;0;0;0;0;0;0;844167;9999;0;no
9999;Oliver Bonk;PHI;None;D;0;0;0;0;0;0;0;950000;9999;0;no
9999;Owen Pickering;PIT;None;D;0;0;0;0;0;0;0;918333;9999;0;no
9999;Patrik Koch;ARI;None;D;0;0;0;0;0;0;0;847500;9999;0;no
9999;Paul Ladue;NYI;None;D;0;0;0;0;0;0;0;762500;9999;0;no
9999;Pavel Mintyukov;ANA;None;D;0;0;0;0;0;0;0;918333;9999;0;no
9999;Peetro Seppala;SEA;None;D;0;0;0;0;0;0;0;855000;9999;0;no
9999;Philip Kemp;EDM;None;D;0;0;0;0;0;0;0;775000;9999;0;no
9999;Reilly Walsh;BOS;None;D;0;0;0;0;0;0;0;775000;9999;0;no
9999;Roman Schmidt;TBL;None;D;0;0;0;0;0;0;0;805833;9999;0;no
9999;Ronan Seeley;CAR;None;D;0;0;0;0;0;0;0;810000;9999;0;no
9999;Ryan Johnson;BUF;None;D;0;0;0;0;0;0;0;925000;9999;0;no
9999;Ryan Mast;BOS;None;D;0;0;0;0;0;0;0;830556;9999;0;no
9999;Ryan Orourke;MIN;None;D;0;0;0;0;0;0;0;855833;9999;0;no
9999;Ryan Shea;PIT;None;D;0;0;0;0;0;0;0;775000;9999;0;no
9999;Ryker Evans;SEA;None;D;0;0;0;0;0;0;0;897500;9999;0;no
9999;Sam Malinski;COL;None;D;0;0;0;0;0;0;0;850000;9999;0;no
9999;Santeri Hatakka;NJD;None;D;0;0;0;0;0;0;0;850833;9999;0;no
9999;Santtu Kinnunen;FLA;None;D;0;0;0;0;0;0;0;855000;9999;0;no
9999;Scott Perunovich;STL;None;D;0;0;0;0;0;0;0;775000;9999;0;no
9999;Sean Day;TBL;None;D;0;0;0;0;0;0;0;775000;9999;0;no
9999;Sebastian Aho1;NYI;None;D;0;0;0;0;0;0;0;825000;9999;0;no
9999;Shakir Mukhamadullin;SJS;None;D;0;0;0;0;0;0;0;894167;9999;0;no
9999;Simon Johansson;MIN;None;D;0;0;0;0;0;0;0;855000;9999;0;no
9999;Simon Lundmark;WPG;None;D;0;0;0;0;0;0;0;850833;9999;0;no
9999;Simon Nemec;NJD;None;D;0;0;0;0;0;0;0;918333;9999;0;no
9999;Steven Kampfer;ARI;None;D;0;0;0;0;0;0;0;775000;9999;0;no
9999;Tanner Molendyk;NAS;None;D;0;0;0;0;0;0;0;950000;9999;0;no
9999;Tomas Hamara;OTT;None;D;0;0;0;0;0;0;0;831667;9999;0;no
9999;Topi Niemela;TOR;None;D;0;0;0;0;0;0;0;856667;9999;0;no
9999;Topias Vilen;NJD;None;D;0;0;0;0;0;0;0;836667;9999;0;no
9999;Travis Mitchell;NYI;None;D;0;0;0;0;0;0;0;882500;9999;0;no
9999;Trevor Carrick;ANA;None;D;0;0;0;0;0;0;0;775000;9999;0;no
9999;Tristan Luneau;ANA;None;D;0;0;0;0;0;0;0;896667;9999;0;no
9999;Ty Emberson;NYR;None;D;0;0;0;0;0;0;0;775000;9999;0;no
9999;Ty Nelson;SEA;None;D;0;0;0;0;0;0;0;867500;9999;0;no
9999;Tyler Wotherspoon;NJD;None;D;0;0;0;0;0;0;0;762500;9999;0;no
9999;Tyrel Bauer;WPG;None;D;0;0;0;0;0;0;0;850000;9999;0;no
9999;Tyson Hinds;ANA;None;D;0;0;0;0;0;0;0;829444;9999;0;no
9999;Uvis Balinskis;FLA;None;D;0;0;0;0;0;0;0;870000;9999;0;no
9999;Valtteri Pulli;SJS;None;D;0;0;0;0;0;0;0;950000;9999;0;no
9999;Ville Ottavainen;SEA;None;D;0;0;0;0;0;0;0;867500;9999;0;no
9999;Vsevolod Komarov;BUF;None;D;0;0;0;0;0;0;0;865000;9999;0;no
9999;Will Butcher;PIT;None;D;0;0;0;0;0;0;0;775000;9999;0;no
9999;Will Zmolek;PHI;None;D;0;0;0;0;0;0;0;920000;9999;0;no
9999;William Lagesson;TOR;None;D;0;0;0;0;0;0;0;775000;9999;0;no
9999;William Trudeau;MTL;None;D;0;0;0;0;0;0;0;856667;9999;0;no
9999;William Villeneuve;TOR;None;D;0;0;0;0;0;0;0;817778;9999;0;no
9999;William Wallinder;DET;None;D;0;0;0;0;0;0;0;925000;9999;0;no
9999;Wyatt Aamodt;COL;None;D;0;0;0;0;0;0;0;775000;9999;0;no
9999;Wyatt Kalynuk;STL;None;D;0;0;0;0;0;0;0;775000;9999;0;no
9999;Wyatt Newpower;DET;None;D;0;0;0;0;0;0;0;787500;9999;0;no
9999;Xavier Ouellet;PIT;None;D;0;0;0;0;0;0;0;762500;9999;0;no
9999;Yan Kuznetsov;CGY;None;D;0;0;0;0;0;0;0;870000;9999;0;no
9999;Yegor Zamula;PHI;None;D;0;0;0;0;0;0;0;775000;9999;0;no
9999;Zach Uens;FLA;None;D;0;0;0;0;0;0;0;859167;9999;0;no
9999;Zachary Jones;NYR;None;D;0;0;0;0;0;0;0;812500;9999;0;no
9999;Adam Brooks;PHI;None;C;0;0;0;0;0;0;0;762500;9999;0;no
9999;Adam Edstrom;NYR;None;C;0;0;0;0;0;0;0;846667;9999;0;no
9999;Adam Fantilli;CLB;None;C;0;0;0;0;0;0;0;950000;9999;0;no
9999;Adam Gaudette;STL;None;C;0;0;0;0;0;0;0;775000;9999;0;no
9999;Adam Klapka;CGY;None;R;0;0;0;0;0;0;0;832500;9999;0;no
9999;Adam Sykora;NYR;None;L;0;0;0;0;0;0;0;838333;9999;0;no
9999;Akil Thomas;LAK;None;C;0;0;0;0;0;0;0;775000;9999;0;no
9999;Aku Raty;ARI;None;R;0;0;0;0;0;0;0;896250;9999;0;no
9999;Alex Barre Boulet;TBL;None;F;0;0;0;0;0;0;0;758333;9999;0;no
9999;Alex Beaucage;COL;None;R;0;0;0;0;0;0;0;878333;9999;0;no
9999;Alex Laferriere;LAK;None;R;0;0;0;0;0;0;0;875000;9999;0;no
9999;Alex Limoges;WAS;None;C;0;0;0;0;0;0;0;775000;9999;0;no
9999;Alex True;FLA;None;F;0;0;0;0;0;0;0;775000;9999;0;no
9999;Alexander Kisakov;BUF;None;F;0;0;0;0;0;0;0;859167;9999;0;no
9999;Alexander Nylander;PIT;None;F;0;0;0;0;0;0;0;775000;9999;0;no
9999;Alexander Pashin;CAR;None;F;0;0;0;0;0;0;0;826667;9999;0;no
9999;Alexander Suzdalev;WAS;None;L;0;0;0;0;0;0;0;846667;9999;0;no
9999;Alexandre Doucet;DET;None;L;0;0;0;0;0;0;0;870000;9999;0;no
9999;Alexandre Texier;CLB;None;C;0;0;0;0;0;0;0;1525000;9999;0;no
9999;Alexis Gendron;PHI;None;R;0;0;0;0;0;0;0;860000;9999;0;no
9999;Amadeus Lombardi;DET;None;C;0;0;0;0;0;0;0;838333;9999;0;no
9999;Andre Heim;STL;None;C;0;0;0;0;0;0;0;950000;9999;0;no
9999;Andre Lee;LAK;None;L;0;0;0;0;0;0;0;883750;9999;0;no
9999;Andrew Cristall;WAS;None;L;0;0;0;0;0;0;0;905000;9999;0;no
9999;Andrew Poturalski;SEA;None;C;0;0;0;0;0;0;0;762500;9999;0;no
9999;Angus Crookshank;OTT;None;L;0;0;0;0;0;0;0;838333;9999;0;no
9999;Anthony Angello;NAS;None;C;0;0;0;0;0;0;0;775000;9999;0;no
9999;Anton Wahlberg;BUF;None;F;0;0;0;0;0;0;0;896667;9999;0;no
9999;Antonio Stranges;DAL;None;L;0;0;0;0;0;0;0;846667;9999;0;no
9999;Antti Saarela;CHI;None;C;0;0;0;0;0;0;0;896250;9999;0;no
9999;Arshdeep Bains;VAN;None;L;0;0;0;0;0;0;0;816667;9999;0;no
9999;Ben Mccartney;ARI;None;L;0;0;0;0;0;0;0;813333;9999;0;no
9999;Benjamin Jones;CGY;None;F;0;0;0;0;0;0;0;775000;9999;0;no
9999;Bennett Macarthur;TBL;None;L;0;0;0;0;0;0;0;859167;9999;0;no
9999;Blake Mclaughlin;ANA;None;L;0;0;0;0;0;0;0;883750;9999;0;no
9999;Blake Murray;CAR;None;C;0;0;0;0;0;0;0;791667;9999;0;no
9999;Bobby Brink;PHI;None;R;0;0;0;0;0;0;0;925000;9999;0;no
9999;Bobby Trivigno;NYR;None;L;0;0;0;0;0;0;0;925000;9999;0;no
9999;Bogdan Trineyev;WAS;None;R;0;0;0;0;0;0;0;859167;9999;0;no
9999;Brad Lambert;WPG;None;C;0;0;0;0;0;0;0;918333;9999;0;no
9999;Braeden Kressler;TOR;None;C;0;0;0;0;0;0;0;800556;9999;0;no
9999;Brandon Biro;BUF;None;L;0;0;0;0;0;0;0;762500;9999;0;no
9999;Brandon Coe;SJS;None;R;0;0;0;0;0;0;0;850833;9999;0;no
9999;Brayden Tracey;ANA;None;L;0;0;0;0;0;0;0;863333;9999;0;no
9999;Brendan Brisson;VGK;None;C;0;0;0;0;0;0;0;925000;9999;0;no
9999;Brennan Othmann;NYR;None;L;0;0;0;0;0;0;0;863333;9999;0;no
9999;Brett Berard;NYR;None;L;0;0;0;0;0;0;0;867500;9999;0;no
9999;Brett Harrison;BOS;None;C;0;0;0;0;0;0;0;836667;9999;0;no
9999;Brett Murray;BUF;None;L;0;0;0;0;0;0;0;775000;9999;0;no
9999;Brian Halonen;NJD;None;L;0;0;0;0;0;0;0;925000;9999;0;no
9999;Brian Pinho;NYI;None;C;0;0;0;0;0;0;0;775000;9999;0;no
9999;Bryce Mcconnell Barker;NYR;None;F;0;0;0;0;0;0;0;870000;9999;0;no
9999;Caedan Bankier;MIN;None;C;0;0;0;0;0;0;0;867500;9999;0;no
9999;Cameron Butler;CLB;None;R;0;0;0;0;0;0;0;858333;9999;0;no
9999;Cameron Hughes;SEA;None;C;0;0;0;0;0;0;0;762500;9999;0;no
9999;Carl Berglund;EDM;None;C;0;0;0;0;0;0;0;950000;9999;0;no
9999;Carter Mazur;DET;None;L;0;0;0;0;0;0;0;905833;9999;0;no
9999;Carter Savoie;EDM;None;L;0;0;0;0;0;0;0;925000;9999;0;no
9999;Chase De Leo;ANA;None;L;0;0;0;0;0;0;0;762500;9999;0;no
9999;Chase Stillman;NJD;None;R;0;0;0;0;0;0;0;863333;9999;0;no
9999;Chase Wheatcroft;DAL;None;C;0;0;0;0;0;0;0;862500;9999;0;no
9999;Chaz Lucius;WPG;None;C;0;0;0;0;0;0;0;894167;9999;0;no
9999;Clark Bishop;CGY;None;C;0;0;0;0;0;0;0;775000;9999;0;no
9999;Cole Reinhardt;OTT;None;L;0;0;0;0;0;0;0;813333;9999;0;no
9999;Cole Schwindt;CGY;None;R;0;0;0;0;0;0;0;855833;9999;0;no
9999;Colton Dach;CHI;None;C;0;0;0;0;0;0;0;825000;9999;0;no
9999;Connor Bedard;CHI;None;C;0;0;0;0;0;0;0;950000;9999;0;no
9999;Connor Zary;CGY;None;C;0;0;0;0;0;0;0;863333;9999;0;no
9999;Conor Geekie;ARI;None;C;0;0;0;0;0;0;0;918333;9999;0;no
9999;Cooper Marody;PHI;None;C;0;0;0;0;0;0;0;762500;9999;0;no
9999;Corey Andonovski;PIT;None;R;0;0;0;0;0;0;0;925000;9999;0;no
9999;Cross Hanas;DET;None;L;0;0;0;0;0;0;0;859167;9999;0;no
9999;Curtis Douglas;ARI;None;C;0;0;0;0;0;0;0;837500;9999;0;no
9999;Curtis Hall;BOS;None;C;0;0;0;0;0;0;0;925000;9999;0;no
9999;Dalibor Dvorsky;STL;None;F;0;0;0;0;0;0;0;950000;9999;0;no
9999;Daniel Torgersson;WPG;None;L;0;0;0;0;0;0;0;867500;9999;0;no
9999;Daniil Gushchin;SJS;None;F;0;0;0;0;0;0;0;828333;9999;0;no
9999;Danil Zhilkin;WPG;None;C;0;0;0;0;0;0;0;831667;9999;0;no
9999;Danila Klimovich;VAN;None;R;0;0;0;0;0;0;0;833333;9999;0;no
9999;David Edstrom;VGK;None;F;0;0;0;0;0;0;0;950000;9999;0;no
9999;David Goyette;SEA;None;C;0;0;0;0;0;0;0;923333;9999;0;no
9999;Daylan Kuefler;NYI;None;L;0;0;0;0;0;0;0;840000;9999;0;no
9999;Dillon Hamaliuk;PIT;None;L;0;0;0;0;0;0;0;789167;9999;0;no
9999;Dmitri Voronkov;CLB;None;L;0;0;0;0;0;0;0;925000;9999;0;no
9999;Dmitry Ovchinnikov;TOR;None;C;0;0;0;0;0;0;0;835000;9999;0;no
9999;Easton Cowan;TOR;None;R;0;0;0;0;0;0;0;935833;9999;0;no
9999;Eduard Sale;SEA;None;L;0;0;0;0;0;0;0;950000;9999;0;no
9999;Eetu Liukas;NYI;None;L;0;0;0;0;0;0;0;867500;9999;0;no
9999;Emil Heineman;MTL;None;L;0;0;0;0;0;0;0;897500;9999;0;no
9999;Ethan Cardwell;SJS;None;R;0;0;0;0;0;0;0;867500;9999;0;no
9999;Ethen Frank;WAS;None;C;0;0;0;0;0;0;0;775000;9999;0;no
9999;Fabian Lysell;BOS;None;R;0;0;0;0;0;0;0;863333;9999;0;no
9999;Fabian Wagner;WPG;None;F;0;0;0;0;0;0;0;858333;9999;0;no
9999;Fedor Svechkov;NAS;None;C;0;0;0;0;0;0;0;925000;9999;0;no
9999;Felix Robert;TBL;None;C;0;0;0;0;0;0;0;857500;9999;0;no
9999;Felix Unger Sorum;CAR;None;F;0;0;0;0;0;0;0;860000;9999;0;no
9999;Filip Bystedt;SJS;None;F;0;0;0;0;0;0;0;950000;9999;0;no
9999;Filip Cederqvist;BUF;None;L;0;0;0;0;0;0;0;850000;9999;0;no
9999;Filip Mesar;MTL;None;R;0;0;0;0;0;0;0;918333;9999;0;no
9999;Francesco Arcuri;DAL;None;C;0;0;0;0;0;0;0;825000;9999;0;no
9999;Francesco Pinelli;LAK;None;C;0;0;0;0;0;0;0;845000;9999;0;no
9999;Fraser Minten;TOR;None;C;0;0;0;0;0;0;0;845833;9999;0;no
9999;Gage Goncalves;TBL;None;C;0;0;0;0;0;0;0;820000;9999;0;no
9999;Gage Quinney;VGK;None;C;0;0;0;0;0;0;0;775000;9999;0;no
9999;Garrett Pilon;OTT;None;C;0;0;0;0;0;0;0;775000;9999;0;no
9999;Gavin Hayes;CHI;None;L;0;0;0;0;0;0;0;896667;9999;0;no
9999;Georgi Merkulov;BOS;None;F;0;0;0;0;0;0;0;925000;9999;0;no
9999;Gerald Mayhew;FLA;None;F;0;0;0;0;0;0;0;775000;9999;0;no
9999;Graeme Clarke;NJD;None;R;0;0;0;0;0;0;0;850833;9999;0;no
9999;Greg Mckegg;EDM;None;C;0;0;0;0;0;0;0;762500;9999;0;no
9999;Hendrix Lapierre;WAS;None;C;0;0;0;0;0;0;0;863333;9999;0;no
9999;Henri Nikkanen;WPG;None;C;0;0;0;0;0;0;0;859167;9999;0;no
9999;Henry Rybinski;WAS;None;F;0;0;0;0;0;0;0;859167;9999;0;no
9999;Hunter Haight;MIN;None;C;0;0;0;0;0;0;0;897500;9999;0;no
9999;Ilya Nikolayev;CGY;None;F;0;0;0;0;0;0;0;836667;9999;0;no
9999;Ilya Usau;TBL;None;C;0;0;0;0;0;0;0;897500;9999;0;no
9999;Isak Rosen;BUF;None;R;0;0;0;0;0;0;0;894167;9999;0;no
9999;Ivan Miroshnichenko;WAS;None;L;0;0;0;0;0;0;0;950000;9999;0;no
9999;Ivan Morozov;VGK;None;F;0;0;0;0;0;0;0;925000;9999;0;no
9999;Jachym Kondelik;NAS;None;C;0;0;0;0;0;0;0;855000;9999;0;no
9999;Jack Finley;TBL;None;C;0;0;0;0;0;0;0;797500;9999;0;no
9999;Jacob Melanson;SEA;None;R;0;0;0;0;0;0;0;826111;9999;0;no
9999;Jacob Perreault;ANA;None;R;0;0;0;0;0;0;0;863333;9999;0;no
9999;Jagger Firkus;SEA;None;R;0;0;0;0;0;0;0;923333;9999;0;no
9999;Jake Chiasson;EDM;None;C;0;0;0;0;0;0;0;843333;9999;0;no
9999;Jakub Brabenec;VGK;None;C;0;0;0;0;0;0;0;828333;9999;0;no
9999;Jakub Lauko1;BOS;None;F;0;0;0;0;0;0;0;787500;9999;0;no
9999;Jalen Luypen;CHI;None;C;0;0;0;0;0;0;0;859167;9999;0;no
9999;James Malatesta;CLB;None;L;0;0;0;0;0;0;0;841667;9999;0;no
9999;Jamieson Rees;CAR;None;C;0;0;0;0;0;0;0;839167;9999;0;no
9999;Jan Mysak;MTL;None;C;0;0;0;0;0;0;0;828333;9999;0;no
9999;Jani Nyman;SEA;None;F;0;0;0;0;0;0;0;923333;9999;0;no
9999;Jason Polin;COL;None;R;0;0;0;0;0;0;0;870000;9999;0;no
9999;Jasper Weatherby;NAS;None;C;0;0;0;0;0;0;0;775000;9999;0;no
9999;Jaxsen Wiebe;ANA;None;R;0;0;0;0;0;0;0;852500;9999;0;no
9999;Jayden Grubbe;EDM;None;C;0;0;0;0;0;0;0;867500;9999;0;no
9999;Jaydon Dureau;TBL;None;L;0;0;0;0;0;0;0;841667;9999;0;no
9999;Jeff Malott;WPG;None;L;0;0;0;0;0;0;0;762500;9999;0;no
9999;Jiri Kulich;BUF;None;C;0;0;0;0;0;0;0;918333;9999;0;no
9999;Jiri Smejkal;OTT;None;L;0;0;0;0;0;0;0;870000;9999;0;no
9999;Joakim Kemell;NAS;None;R;0;0;0;0;0;0;0;918333;9999;0;no
9999;John Beecher;BOS;None;C;0;0;0;0;0;0;0;925000;9999;0;no
9999;John Farinacci;BOS;None;C;0;0;0;0;0;0;0;910000;9999;0;no
9999;Jon Randall Avon;PHI;None;F;0;0;0;0;0;0;0;800000;9999;0;no
9999;Jonathan Lekkerimaki;VAN;None;F;0;0;0;0;0;0;0;950000;9999;0;no
9999;Jordan Dumais;CLB;None;R;0;0;0;0;0;0;0;891667;9999;0;no
9999;Jordan Frasca;PIT;None;C;0;0;0;0;0;0;0;859167;9999;0;no
9999;Josh Bloom;VAN;None;L;0;0;0;0;0;0;0;836667;9999;0;no
9999;Josh Currie;OTT;None;R;0;0;0;0;0;0;0;775000;9999;0;no
9999;Josh Doan;ARI;None;R;0;0;0;0;0;0;0;925000;9999;0;no
9999;Josh Filmon;NJD;None;L;0;0;0;0;0;0;0;870000;9999;0;no
9999;Joshua Dunne;CLB;None;F;0;0;0;0;0;0;0;775000;9999;0;no
9999;Joshua Lopina;ANA;None;F;0;0;0;0;0;0;0;878333;9999;0;no
9999;Joshua Roy;MTL;None;R;0;0;0;0;0;0;0;835000;9999;0;no
9999;Judd Caulfield;ANA;None;R;0;0;0;0;0;0;0;837500;9999;0;no
9999;Justin Dowling;NJD;None;C;0;0;0;0;0;0;0;775000;9999;0;no
9999;Justin Robidas;CAR;None;C;0;0;0;0;0;0;0;825000;9999;0;no
9999;Justin Sourdif;FLA;None;R;0;0;0;0;0;0;0;847500;9999;0;no
9999;Kai Schwindt;FLA;None;L;0;0;0;0;0;0;0;821667;9999;0;no
9999;Kalan Lind;NAS;None;L;0;0;0;0;0;0;0;870000;9999;0;no
9999;Karel Plasek;VAN;None;R;0;0;0;0;0;0;0;846667;9999;0;no
9999;Karl Henriksson;NYR;None;C;0;0;0;0;0;0;0;870000;9999;0;no
9999;Kasper Halttunen;SJS;None;R;0;0;0;0;0;0;0;940000;9999;0;no
9999;Keean Washkurak;STL;None;C;0;0;0;0;0;0;0;862500;9999;0;no
9999;Kole Lind;SEA;None;R;0;0;0;0;0;0;0;775000;9999;0;no
9999;Kyle Maclean;NYI;None;C;0;0;0;0;0;0;0;800000;9999;0;no
9999;Kyle Mcdonald;DAL;None;R;0;0;0;0;0;0;0;870000;9999;0;no
9999;Leo Carlsson;ANA;None;C;0;0;0;0;0;0;0;950000;9999;0;no
9999;Liam Ohgren;MIN;None;L;0;0;0;0;0;0;0;918333;9999;0;no
9999;Linus Karlsson;VAN;None;C;0;0;0;0;0;0;0;883750;9999;0;no
9999;Linus Weissbach;BUF;None;L;0;0;0;0;0;0;0;775000;9999;0;no
9999;Logan Cooley;ARI;None;C;0;0;0;0;0;0;0;950000;9999;0;no
9999;Logan Morrison;SEA;None;C;0;0;0;0;0;0;0;870000;9999;0;no
9999;Logan Stankoven;DAL;None;C;0;0;0;0;0;0;0;814167;9999;0;no
9999;Luca Del Bel Belluz;CLB;None;C;0;0;0;0;0;0;0;891667;9999;0;no
9999;Lucas Ciona;CGY;None;L;0;0;0;0;0;0;0;830000;9999;0;no
9999;Lucas Edmonds;TBL;None;R;0;0;0;0;0;0;0;861667;9999;0;no
9999;Ludwig Persson;WAS;None;F;0;0;0;0;0;0;0;846667;9999;0;no
9999;Lukas Svejkovsky;PIT;None;C;0;0;0;0;0;0;0;859167;9999;0;no
9999;Luke Henman;SEA;None;C;0;0;0;0;0;0;0;791667;9999;0;no
9999;Luke Toporowski;BOS;None;L;0;0;0;0;0;0;0;870000;9999;0;no
9999;Mackenzie Maceachern;STL;None;L;0;0;0;0;0;0;0;775000;9999;0;no
9999;Mackie Samoskevich;FLA;None;R;0;0;0;0;0;0;0;925000;9999;0;no
9999;Marc Johnstone;PIT;None;R;0;0;0;0;0;0;0;775000;9999;0;no
9999;Marcus Kallionkieli;VGK;None;L;0;0;0;0;0;0;0;784722;9999;0;no
9999;Martin Chromiak;LAK;None;R;0;0;0;0;0;0;0;820000;9999;0;no
9999;Martin Pospisil;CGY;None;C;0;0;0;0;0;0;0;775000;9999;0;no
9999;Mason Geertsen;VGK;None;L;0;0;0;0;0;0;0;775000;9999;0;no
9999;Mason Morelli;VGK;None;F;0;0;0;0;0;0;0;775000;9999;0;no
9999;Mason Primeau;VGK;None;C;0;0;0;0;0;0;0;825000;9999;0;no
9999;Mathias Emilio Pettersen;CGY;None;C;0;0;0;0;0;0;0;775000;9999;0;no
9999;Mathias Laferriere;STL;None;R;0;0;0;0;0;0;0;775000;9999;0;no
9999;Matthew Coronato;CGY;None;F;0;0;0;0;0;0;0;925000;9999;0;no
9999;Matthew Maggio;NYI;None;R;0;0;0;0;0;0;0;870000;9999;0;no
9999;Matthew Peca;STL;None;C;0;0;0;0;0;0;0;762500;9999;0;no
9999;Matthew Poitras;BOS;None;C;0;0;0;0;0;0;0;870000;9999;0;no
9999;Matthew Rempe;NYR;None;F;0;0;0;0;0;0;0;820000;9999;0;no
9999;Matthew Savoie;BUF;None;F;0;0;0;0;0;0;0;918333;9999;0;no
9999;Matthew Seminoff;DAL;None;R;0;0;0;0;0;0;0;850000;9999;0;no
9999;Matthew Stienburg;COL;None;F;0;0;0;0;0;0;0;898750;9999;0;no
9999;Matvei Petrov;EDM;None;F;0;0;0;0;0;0;0;803333;9999;0;no
9999;Matyas Sapovaliv;VGK;None;C;0;0;0;0;0;0;0;831667;9999;0;no
9999;Mavrik Bourque;DAL;None;C;0;0;0;0;0;0;0;894167;9999;0;no
9999;Max Ellis;TOR;None;R;0;0;0;0;0;0;0;838750;9999;0;no
9999;Max Mccormick;SEA;None;L;0;0;0;0;0;0;0;762500;9999;0;no
9999;Max Sasson;VAN;None;C;0;0;0;0;0;0;0;870000;9999;0;no
9999;Maxim Cajkovic;MIN;None;F;0;0;0;0;0;0;0;850833;9999;0;no
9999;Maxim Groshev;TBL;None;R;0;0;0;0;0;0;0;867500;9999;0;no
9999;Michael Milne;MIN;None;L;0;0;0;0;0;0;0;861667;9999;0;no
9999;Michael Sgarbossa;WAS;None;C;0;0;0;0;0;0;0;775000;9999;0;no
9999;Michal Teply;CHI;None;L;0;0;0;0;0;0;0;820000;9999;0;no
9999;Mikhail Abramov;STL;None;C;0;0;0;0;0;0;0;809444;9999;0;no
9999;Mitchell Chaffee;TBL;None;R;0;0;0;0;0;0;0;775000;9999;0;no
9999;Mitchell Russell;SJS;None;R;0;0;0;0;0;0;0;836667;9999;0;no
9999;Mitchell Stephens;MTL;None;C;0;0;0;0;0;0;0;775000;9999;0;no
9999;Nate Danielson;DET;None;C;0;0;0;0;0;0;0;950000;9999;0;no
9999;Nathan Gaucher;ANA;None;C;0;0;0;0;0;0;0;918333;9999;0;no
9999;Nathan Legare;MTL;None;R;0;0;0;0;0;0;0;789167;9999;0;no
9999;Nathan Todd;SJS;None;C;0;0;0;0;0;0;0;775000;9999;0;no
9999;Navrin Mutter;NAS;None;L;0;0;0;0;0;0;0;776667;9999;0;no
9999;Nicholas Caamano;DAL;None;F;0;0;0;0;0;0;0;775000;9999;0;no
9999;Nicolas Petan;MIN;None;F;0;0;0;0;0;0;0;762500;9999;0;no
9999;Nikita Chibrikov;WPG;None;R;0;0;0;0;0;0;0;875833;9999;0;no
9999;Nikolai Kovalenko;COL;None;F;0;0;0;0;0;0;0;896250;9999;0;no
9999;Noah Ostlund;BUF;None;F;0;0;0;0;0;0;0;918333;9999;0;no
9999;Noel Gunler;CAR;None;R;0;0;0;0;0;0;0;862500;9999;0;no
9999;Nolan Burke;NAS;None;C;0;0;0;0;0;0;0;861667;9999;0;no
9999;Nolan Stevens;DET;None;C;0;0;0;0;0;0;0;775000;9999;0;no
9999;Olivier Nadeau;BUF;None;R;0;0;0;0;0;0;0;836667;9999;0;no
9999;Ondrej Pavel;COL;None;C;0;0;0;0;0;0;0;870000;9999;0;no
9999;Oskar Back;DAL;None;C;0;0;0;0;0;0;0;850833;9999;0;no
9999;Oskar Pettersson2;OTT;None;F;0;0;0;0;0;0;0;865000;9999;0;no
9999;Ozzy Wiesblatt;SJS;None;C;0;0;0;0;0;0;0;835833;9999;0;no
9999;Parker Ford;WPG;None;C;0;0;0;0;0;0;0;867500;9999;0;no
9999;Patrick Giles;FLA;None;R;0;0;0;0;0;0;0;812500;9999;0;no
9999;Paul Ludwinski;CHI;None;C;0;0;0;0;0;0;0;931667;9999;0;no
9999;Philippe Daoust;OTT;None;C;0;0;0;0;0;0;0;821667;9999;0;no
9999;Philippe Maillet;MTL;None;C;0;0;0;0;0;0;0;775000;9999;0;no
9999;Pierrick Dube;WAS;None;R;0;0;0;0;0;0;0;870000;9999;0;no
9999;Raivis Ansons;PIT;None;R;0;0;0;0;0;0;0;844167;9999;0;no
9999;Raphael Lavoie;EDM;None;C;0;0;0;0;0;0;0;874125;9999;0;no
9999;Reece Newkirk;NYI;None;C;0;0;0;0;0;0;0;828333;9999;0;no
9999;Reid Schaefer;NAS;None;L;0;0;0;0;0;0;0;918333;9999;0;no
9999;Rhett Gardner;PHI;None;C;0;0;0;0;0;0;0;775000;9999;0;no
9999;Riley Damiani;DAL;None;C;0;0;0;0;0;0;0;775000;9999;0;no
9999;Riley Kidney;MTL;None;C;0;0;0;0;0;0;0;836667;9999;0;no
9999;Riley Nash;NYR;None;C;0;0;0;0;0;0;0;775000;9999;0;no
9999;Riley Sutter;WAS;None;R;0;0;0;0;0;0;0;775000;9999;0;no
9999;Roby Jarventie;OTT;None;L;0;0;0;0;0;0;0;894167;9999;0;no
9999;Roni Hirvonen;TOR;None;C;0;0;0;0;0;0;0;856667;9999;0;no
9999;Rory Kerins;CGY;None;C;0;0;0;0;0;0;0;846667;9999;0;no
9999;Ruslan Iskhakov;NYI;None;C;0;0;0;0;0;0;0;855000;9999;0;no
9999;Ryan Hofer;WAS;None;C;0;0;0;0;0;0;0;851667;9999;0;no
9999;Ryan Mcallister;FLA;None;C;0;0;0;0;0;0;0;896667;9999;0;no
9999;Ryan Mcgregor;ARI;None;C;0;0;0;0;0;0;0;775000;9999;0;no
9999;Ryan Suzuki;CAR;None;C;0;0;0;0;0;0;0;863333;9999;0;no
9999;Ryan Tverberg;TOR;None;C;0;0;0;0;0;0;0;851667;9999;0;no
9999;Ryan Winterton;SEA;None;C;0;0;0;0;0;0;0;828333;9999;0;no
9999;Ryder Korczak;NYR;None;C;0;0;0;0;0;0;0;859167;9999;0;no
9999;Ryder Rolston;CHI;None;R;0;0;0;0;0;0;0;895000;9999;0;no
9999;Sam Hentges;MIN;None;C;0;0;0;0;0;0;0;855000;9999;0;no
9999;Samu Tuomaala;PHI;None;R;0;0;0;0;0;0;0;830833;9999;0;no
9999;Samuel Helenius;LAK;None;C;0;0;0;0;0;0;0;805833;9999;0;no
9999;Samuel Honzek;CGY;None;L;0;0;0;0;0;0;0;950000;9999;0;no
9999;Samuel Poulin;PIT;None;F;0;0;0;0;0;0;0;863333;9999;0;no
9999;Samuel Savoie;CHI;None;L;0;0;0;0;0;0;0;878333;9999;0;no
9999;Samuel Walker;MIN;None;F;0;0;0;0;0;0;0;855000;9999;0;no
9999;Sasha Pastujov;ANA;None;R;0;0;0;0;0;0;0;825000;9999;0;no
9999;Scott Reedy;DAL;None;C;0;0;0;0;0;0;0;775000;9999;0;no
9999;Scott Sabourin;SJS;None;R;0;0;0;0;0;0;0;775000;9999;0;no
9999;Seth Griffith;EDM;None;C;0;0;0;0;0;0;0;762500;9999;0;no
9999;Spencer Smallman;COL;None;R;0;0;0;0;0;0;0;762500;9999;0;no
9999;Taylor Ward;LAK;None;R;0;0;0;0;0;0;0;775000;9999;0;no
9999;Tim Gettinger;DET;None;L;0;0;0;0;0;0;0;775000;9999;0;no
9999;Tj Tynan1;LAK;None;F;0;0;0;0;0;0;0;787500;9999;0;no
9999;Travis Barron;ARI;None;L;0;0;0;0;0;0;0;775000;9999;0;no
9999;Trevor Kuntar;BOS;None;C;0;0;0;0;0;0;0;867500;9999;0;no
9999;Trey Fix Wolansky;CLB;None;F;0;0;0;0;0;0;0;775000;9999;0;no
9999;Tristen Nielsen;VAN;None;C;0;0;0;0;0;0;0;870000;9999;0;no
9999;Tucker Robertson;SEA;None;C;0;0;0;0;0;0;0;870000;9999;0;no
9999;Turner Elson;NYR;None;C;0;0;0;0;0;0;0;762500;9999;0;no
9999;Tuukka Tieksola;CAR;None;F;0;0;0;0;0;0;0;823333;9999;0;no
9999;Ty Glover;PIT;None;C;0;0;0;0;0;0;0;859167;9999;0;no
9999;Ty Voit;TOR;None;L;0;0;0;0;0;0;0;800556;9999;0;no
9999;Tye Kartye;SEA;None;L;0;0;0;0;0;0;0;859167;9999;0;no
9999;Tyler Boucher;OTT;None;R;0;0;0;0;0;0;0;863333;9999;0;no
9999;Tyler Madden;LAK;None;C;0;0;0;0;0;0;0;775000;9999;0;no
9999;Tyler Tullio;EDM;None;R;0;0;0;0;0;0;0;823333;9999;0;no
9999;Tyson Kozak;BUF;None;C;0;0;0;0;0;0;0;850000;9999;0;no
9999;Valtteri Puustinen;PIT;None;R;0;0;0;0;0;0;0;775000;9999;0;no
9999;Vasili Ponomarev;CAR;None;F;0;0;0;0;0;0;0;795000;9999;0;no
9999;Viktor Neuchev;BUF;None;L;0;0;0;0;0;0;0;870000;9999;0;no
9999;Ville Koivunen;CAR;None;F;0;0;0;0;0;0;0;805833;9999;0;no
9999;Ville Petman;SEA;None;C;0;0;0;0;0;0;0;883750;9999;0;no
9999;Vladislav Firstov;MIN;None;F;0;0;0;0;0;0;0;925000;9999;0;no
9999;Waltteri Merela;TBL;None;C;0;0;0;0;0;0;0;870000;9999;0;no
9999;Will Bitten;STL;None;F;0;0;0;0;0;0;0;762500;9999;0;no
9999;William Stromgren;CGY;None;L;0;0;0;0;0;0;0;900833;9999;0;no
9999;Wyatt Bongiovanni;WPG;None;C;0;0;0;0;0;0;0;802500;9999;0;no
9999;Xavier Bourgault;EDM;None;C;0;0;0;0;0;0;0;925000;9999;0;no
9999;Xavier Simoneau;MTL;None;C;0;0;0;0;0;0;0;855000;9999;0;no
9999;Zach Benson;BUF;None;L;0;0;0;0;0;0;0;950000;9999;0;no
9999;Zach Dean;STL;None;C;0;0;0;0;0;0;0;852500;9999;0;no
9999;Zachary Bolduc;STL;None;C;0;0;0;0;0;0;0;863333;9999;0;no
9999;Zachary Lheureux;NAS;None;F;0;0;0;0;0;0;0;863333;9999;0;no
9999;Zack Ostapchuk;OTT;None;C;0;0;0;0;0;0;0;825000;9999;0;no
9999;Zayde Wisdom;PHI;None;R;0;0;0;0;0;0;0;797500;9999;0;no
9999;Akira Schmid;NJD;None;G;0;0;0;0;0;0;0;850833;9999;0;no
9999;Aleksei Kolosov;PHI;None;G;0;0;0;0;0;0;0;925000;9999;0;no
9999;Ales Stezka;SEA;None;G;0;0;0;0;0;0;0;870000;9999;0;no
9999;Alex Lyon;DET;None;G;0;0;0;0;0;0;0;900000;9999;0;no
9999;Alex Nedeljkovic;PIT;None;G;0;0;0;0;0;0;0;1500000;9999;0;no
9999;Anson Thornton;ARI;None;G;0;0;0;0;0;0;0;795556;9999;0;no
9999;Anthony Stolarz;FLA;None;G;0;0;0;0;0;0;0;1100000;9999;0;no
9999;Artur Akhtiamov;TOR;None;G;0;0;0;0;0;0;0;851667;9999;0;no
9999;Arturs Silovs;VAN;None;G;0;0;0;0;0;0;0;786111;9999;0;no
9999;Arvid Holm;COL;None;G;0;0;0;0;0;0;0;775000;9999;0;no
9999;Arvid Soderblom;CHI;None;G;0;0;0;0;0;0;0;962500;9999;0;no
9999;Brandon Bussi;BOS;None;G;0;0;0;0;0;0;0;775000;9999;0;no
9999;Cal Petersen;PHI;None;G;0;0;0;0;0;0;0;5000000;9999;0;no
9999;Calle Clang;ANA;None;G;0;0;0;0;0;0;0;878333;9999;0;no
9999;Calvin Pickard;EDM;None;G;0;0;0;0;0;0;0;762500;9999;0;no
9999;Carl Lindbom;VGK;None;G;0;0;0;0;0;0;0;840000;9999;0;no
9999;Cayden Primeau;MTL;None;G;0;0;0;0;0;0;0;890000;9999;0;no
9999;Chris Driedger;SEA;None;G;0;0;0;0;0;0;0;3500000;9999;0;no
9999;Clay Stevenson;WAS;None;G;0;0;0;0;0;0;0;855000;9999;0;no
9999;Collin Delia;WPG;None;G;0;0;0;0;0;0;0;775000;9999;0;no
9999;Colten Ellis;STL;None;G;0;0;0;0;0;0;0;850833;9999;0;no
9999;Daniil Tarasov1;CLB;None;G;0;0;0;0;0;0;0;1050000;9999;0;no
9999;David Rittich;LAK;None;G;0;0;0;0;0;0;0;875000;9999;0;no
9999;Dennis Hildeby;TOR;None;G;0;0;0;0;0;0;0;843333;9999;0;no
9999;Devin Cooley;BUF;None;G;0;0;0;0;0;0;0;775000;9999;0;no
9999;Devon Levi;BUF;None;G;0;0;0;0;0;0;0;925000;9999;0;no
9999;Domenic Divincentiis;WPG;None;G;0;0;0;0;0;0;0;858333;9999;0;no
9999;Drew Commesso;CHI;None;G;0;0;0;0;0;0;0;925000;9999;0;no
9999;Dustin Tokarski;BUF;None;G;0;0;0;0;0;0;0;775000;9999;0;no
9999;Dustin Wolf;CGY;None;G;0;0;0;0;0;0;0;813333;9999;0;no
9999;Dylan Garand;NYR;None;G;0;0;0;0;0;0;0;828333;9999;0;no
9999;Eetu Makiniemi;SJS;None;G;0;0;0;0;0;0;0;775000;9999;0;no
9999;Eric Comrie;BUF;None;G;0;0;0;0;0;0;0;1800000;9999;0;no
9999;Erik Kallgren;NJD;None;G;0;0;0;0;0;0;0;775000;9999;0;no
9999;Erik Portillo;LAK;None;G;0;0;0;0;0;0;0;875000;9999;0;no
9999;Felix Sandstrom;PHI;None;G;0;0;0;0;0;0;0;775000;9999;0;no
9999;Gage Alexander;ANA;None;G;0;0;0;0;0;0;0;810000;9999;0;no
9999;Garin Bjorklund;WAS;None;G;0;0;0;0;0;0;0;843333;9999;0;no
9999;Georgi Romanov;SJS;None;G;0;0;0;0;0;0;0;910000;9999;0;no
9999;Hugo Alnefelt;TBL;None;G;0;0;0;0;0;0;0;850833;9999;0;no
9999;Hunter Jones;MIN;None;G;0;0;0;0;0;0;0;787500;9999;0;no
9999;Hunter Shepard;WAS;None;G;0;0;0;0;0;0;0;775000;9999;0;no
9999;Isaiah Saville;VGK;None;G;0;0;0;0;0;0;0;849667;9999;0;no
9999;Ivan Fedotov;PHI;None;G;0;0;0;0;0;0;0;925000;9999;0;no
9999;Ivan Prosvetov;ARI;None;G;0;0;0;0;0;0;0;775000;9999;0;no
9999;Jakub Dobes;MTL;None;G;0;0;0;0;0;0;0;925000;9999;0;no
9999;Jakub Skarek;NYI;None;G;0;0;0;0;0;0;0;775000;9999;0;no
9999;Jaxson Stauber;CHI;None;G;0;0;0;0;0;0;0;883750;9999;0;no
9999;Jesper Vikman;VGK;None;G;0;0;0;0;0;0;0;858000;9999;0;no
9999;Jesper Wallstedt;MIN;None;G;0;0;0;0;0;0;0;925000;9999;0;no
9999;Jet Greaves;CLB;None;G;0;0;0;0;0;0;0;758333;9999;0;no
9999;Jiri Patera;VGK;None;G;0;0;0;0;0;0;0;775000;9999;0;no
9999;Joel Blomqvist;PIT;None;G;0;0;0;0;0;0;0;886667;9999;0;no
9999;Joel Hofer;STL;None;G;0;0;0;0;0;0;0;775000;9999;0;no
9999;Joey Daccord;SEA;None;G;0;0;0;0;0;0;0;1200000;9999;0;no
9999;John Lethemon;DET;None;G;0;0;0;0;0;0;0;787500;9999;0;no
9999;Jonas Johansson;TBL;None;G;0;0;0;0;0;0;0;775000;9999;0;no
9999;Joseph Woll;TOR;None;G;0;0;0;0;0;0;0;766667;9999;0;no
9999;Justus Annunen;COL;None;G;0;0;0;0;0;0;0;775000;9999;0;no
9999;Keith Petruzzelli;TOR;None;G;0;0;0;0;0;0;0;817500;9999;0;no
9999;Ken Appleby;NYI;None;G;0;0;0;0;0;0;0;762500;9999;0;no
9999;Kevin Lankinen;NAS;None;G;0;0;0;0;0;0;0;2000000;9999;0;no
9999;Kevin Mandolese;OTT;None;G;0;0;0;0;0;0;0;775000;9999;0;no
9999;Kyle Keyser;BOS;None;G;0;0;0;0;0;0;0;775000;9999;0;no
9999;Laurent Brossoit;WPG;None;G;0;0;0;0;0;0;0;1750000;9999;0;no
9999;Leevi Merilainen;OTT;None;G;0;0;0;0;0;0;0;820000;9999;0;no
9999;Louis Domingue;NYR;None;G;0;0;0;0;0;0;0;775000;9999;0;no
9999;Ludovic Waeber;FLA;None;G;0;0;0;0;0;0;0;950000;9999;0;no
9999;Lukas Dostal;ANA;None;G;0;0;0;0;0;0;0;812500;9999;0;no
9999;Mack Guzda;FLA;None;G;0;0;0;0;0;0;0;897500;9999;0;no
9999;Mackenzie Blackwood;SJS;None;G;0;0;0;0;0;0;0;2350000;9999;0;no
9999;Mads Sogaard;OTT;None;G;0;0;0;0;0;0;0;925000;9999;0;no
9999;Magnus Chrona;SJS;None;G;0;0;0;0;0;0;0;867500;9999;0;no
9999;Magnus Hellberg;PIT;None;G;0;0;0;0;0;0;0;785000;9999;0;no
9999;Malcolm Subban;STL;None;G;0;0;0;0;0;0;0;775000;9999;0;no
9999;Matt Tomkins;TBL;None;G;0;0;0;0;0;0;0;775000;9999;0;no
9999;Matt Villalta;ARI;None;G;0;0;0;0;0;0;0;775000;9999;0;no
9999;Michael Dipietro;BOS;None;G;0;0;0;0;0;0;0;775000;9999;0;no
9999;Mitchell Gibson;WAS;None;G;0;0;0;0;0;0;0;867500;9999;0;no
9999;Nico Daws;NJD;None;G;0;0;0;0;0;0;0;850833;9999;0;no
9999;Nikita Tolopilo;VAN;None;G;0;0;0;0;0;0;0;950000;9999;0;no
9999;Niklas Kokko;SEA;None;G;0;0;0;0;0;0;0;923333;9999;0;no
9999;Nolan Lalonde;CLB;None;G;0;0;0;0;0;0;0;796111;9999;0;no
9999;Olivier Rodrigue;EDM;None;G;0;0;0;0;0;0;0;775000;9999;0;no
9999;Olof Lindbom;NYR;None;G;0;0;0;0;0;0;0;855000;9999;0;no
9999;Oscar Dansk;CGY;None;G;0;0;0;0;0;0;0;775000;9999;0;no
9999;Oskari Salminen;WPG;None;G;0;0;0;0;0;0;0;855000;9999;0;no
9999;Pavel Francouz;COL;None;G;0;0;0;0;0;0;0;2000000;9999;0;no
9999;Pyotr Kochetkov;CAR;None;G;0;0;0;0;0;0;0;2000000;9999;0;no
9999;Remi Poirier;DAL;None;G;0;0;0;0;0;0;0;836667;9999;0;no
9999;Ryan Fanti;EDM;None;G;0;0;0;0;0;0;0;883750;9999;0;no
9999;Samuel Ersson;PHI;None;G;0;0;0;0;0;0;0;859167;9999;0;no
9999;Scott Wedgewood;DAL;None;G;0;0;0;0;0;0;0;1000000;9999;0;no
9999;Sebastian Cossa;DET;None;G;0;0;0;0;0;0;0;863333;9999;0;no
9999;Semyon Varlamov;NYI;None;G;0;0;0;0;0;0;0;2750000;9999;0;no
9999;Talyn Boyko;NYR;None;G;0;0;0;0;0;0;0;850833;9999;0;no
9999;Taylor Gauthier;PIT;None;G;0;0;0;0;0;0;0;859167;9999;0;no
9999;Trent Miner;COL;None;G;0;0;0;0;0;0;0;828333;9999;0;no
9999;Tristan Lennox;NYI;None;G;0;0;0;0;0;0;0;867500;9999;0;no
9999;Troy Grosenick;NAS;None;G;0;0;0;0;0;0;0;775000;9999;0;no
9999;Tyler Brennan;NJD;None;G;0;0;0;0;0;0;0;870000;9999;0;no
9999;Vadim Zherenko;STL;None;G;0;0;0;0;0;0;0;846667;9999;0;no
9999;Vyacheslav Peksa;TOR;None;G;0;0;0;0;0;0;0;851667;9999;0;no
9999;Will Cranley;STL;None;G;0;0;0;0;0;0;0;841667;9999;0;no
9999;Yaniv Perets;CAR;None;G;0;0;0;0;0;0;0;805000;9999;0;no
9999;Yaroslav Askarov;NAS;None;G;0;0;0;0;0;0;0;925000;9999;0;no
9999;Zach Sawchenko;VAN;None;G;0;0;0;0;0;0;0;775000;9999;0;no
9999;Zane Mcintyre;MIN;None;G;0;0;0;0;0;0;0;775000;9999;0;no
9999;Aaron Dell;CLB;None;None;0;0;0;0;0;0;0;0;9999;0;no
9999;Brandon Halverson;DAL;None;None;0;0;0;0;0;0;0;0;9999;0;no
9999;Brandon Sutter;EDM;None;None;0;0;0;0;0;0;0;0;9999;0;no
9999;Brent Seabrook;TBL;None;None;0;0;0;0;0;0;0;6875000;9999;0;no
9999;Bryan Little;ARI;None;None;0;0;0;0;0;0;0;5291667;9999;0;no
9999;Cam Atkinson;PHI;None;None;0;0;0;0;0;0;0;5875000;9999;0;no
9999;Cameron Hillis;DET;None;None;0;0;0;0;0;0;0;0;9999;0;no
9999;Carey Price;MTL;None;None;0;0;0;0;0;0;0;10500000;9999;0;no
9999;Dylan Wells;NAS;None;None;0;0;0;0;0;0;0;0;9999;0;no
9999;Gabriel Landeskog;COL;None;None;0;0;0;0;0;0;0;7000000;9999;0;no
9999;Jean Francois Berube;LAK;None;None;0;0;0;0;0;0;0;0;9999;0;no
9999;Mark Pysyk;PIT;None;None;0;0;0;0;0;0;0;0;9999;0;no
9999;Matt Murray1;TOR;None;None;0;0;0;0;0;0;0;4687500;9999;0;no
9999;Nathan Schnarr;CLB;None;None;0;0;0;0;0;0;0;0;9999;0;no
9999;Nick Shore;CAR;None;None;0;0;0;0;0;0;0;0;9999;0;no
9999;Nicolas Meloche;CLB;None;None;0;0;0;0;0;0;0;0;9999;0;no
9999;Oliver Kylington;CGY;None;None;0;0;0;0;0;0;0;2500000;9999;0;no
9999;Pavel Novak;MIN;None;None;0;0;0;0;0;0;0;0;9999;0;no
9999;Peter Diliberatore;ARI;None;None;0;0;0;0;0;0;0;0;9999;0;no
9999;Peter Holland;COL;None;None;0;0;0;0;0;0;0;0;9999;0;no
9999;Robin Lehner;VGK;None;None;0;0;0;0;0;0;0;5000000;9999;0;no
9999;Ryan Dzingel;ARI;None;None;0;0;0;0;0;0;0;0;9999;0;no
9999;Ryan Ellis;PHI;None;None;0;0;0;0;0;0;0;6250000;9999;0;no
9999;Sean Couturier;PHI;None;None;0;0;0;0;0;0;0;7750000;9999;0;no
9999;Shea Weber;ARI;None;None;0;0;0;0;0;0;0;7857143;9999;0;no
9999;Spencer Knight;FLA;None;None;0;0;0;0;0;0;0;4500000;9999;0;no
9999;Stefan Matteau;CLB;None;None;0;0;0;0;0;0;0;0;9999;0;no
9999;Tanner Dickinson;STL;None;None;0;0;0;0;0;0;0;0;9999;0;no
