NHL;Player;new;old;Pos;GP;G / W;A / SO;P;GG;AA;PP;Salary;PoolRank;OT
20;Roman Josi;NAS;NSH;D;80;23;73;96;69;146;215;9059000;1;0
28;Cale Makar;COL;COL;D;77;28;58;86;84;116;200;9000000;2;0
38;Victor Hedman;TBL;TBL;D;82;20;65;85;60;130;190;7875000;3;0
1;Connor McDavid;EDM;EDM;C;80;44;79;123;88;79;167;12500000;4;0
3;Auston Matthews;TOR;TOR;C;73;60;46;106;120;46;166;11640250;5;0
6;Leon Draisaitl;EDM;EDM;C;80;55;55;110;110;55;165;8500000;6;0
9999;Jacob Markstrom;CGY;CGY;G;63;37;9;0;111;45;165;6000000;7;9
67;Adam Fox;NYR;NYR;D;78;11;63;74;33;126;159;9500000;8;0
74;John Carlson;WAS;WSH;D;78;17;54;71;51;108;159;8000000;9;0
5;Johnny Gaudreau;CLB;CGY;L;82;40;75;115;80;75;155;9750000;10;0
9;Kirill Kaprizov;MIN;MIN;L;81;47;61;108;94;61;155;9000000;11;0
11;Steven Stamkos;TBL;TBL;C;81;42;64;106;84;64;148;8500000;12;0
13;Matthew Tkachuk;FLA;CGY;L;82;42;62;104;84;62;146;9500000;13;0
84;Kris Letang;PIT;PIT;D;78;10;58;68;30;116;146;6100000;14;0
98;Morgan Rielly;TOR;TOR;D;82;10;58;68;30;116;146;7500000;15;0
4;Jonathan Huberdeau;CGY;FLA;L;80;30;85;115;60;85;145;5900000;16;0
78;Quinn Hughes;VAN;VAN;D;76;8;60;68;24;120;144;7850000;17;0
9999;Igor Shesterkin;NYR;NYR;G;52;36;6;0;108;30;142;5666667;18;4
22;Kyle Connor;WPG;WPG;L;79;47;46;93;94;46;140;7142857;19;0
23;Alex Ovechkin;WAS;WSH;L;77;50;40;90;100;40;140;9500000;20;0
9999;Darcy Kuemper;WAS;COL;G;57;37;5;0;111;25;140;5250000;21;4
9999;Juuse Saros;NAS;NSH;G;67;38;4;0;114;20;137;5000000;22;3
9999;Sergei Bobrovsky;FLA;FLA;G;53;39;3;0;117;15;135;10000000;23;3
8;Mitchell Marner;TOR;TOR;R;72;35;62;97;70;62;132;10903000;24;0
9999;Andrei Vasilevskiy;TBL;TBL;G;63;39;2;0;117;10;132;9500000;25;5
15;JT Miller;VAN;VAN;C;80;32;67;99;64;67;131;5250000;26;0
30;Matt Duchene;NAS;NSH;C;78;43;43;86;86;43;129;8000000;27;0
65;Chris Kreider;NYR;NYR;L;81;52;25;77;104;25;129;6500000;28;0
71;Aaron Ekblad;FLA;FLA;D;61;15;42;57;45;84;129;7500000;29;0
16;Mikko Rantanen;COL;COL;R;75;36;56;92;72;56;128;9250000;30;0
9999;Frederik Andersen;CAR;CAR;G;51;35;4;0;105;20;128;4500000;31;3
9999;Tristan Jarry;PIT;PIT;G;56;34;4;0;102;20;128;3500000;32;6
10;Aleksander Barkov;FLA;FLA;C;67;39;49;88;78;49;127;10000000;33;0
89;Devon Toews;COL;COL;D;66;13;44;57;39;88;127;4100000;34;0
19;Filip Forsberg;NAS;NSH;L;69;42;42;84;84;42;126;8500000;35;0
29;Jake Guentzel;PIT;PIT;L;76;40;44;84;80;44;124;6000000;36;0
45;Elias Lindholm;CGY;CGY;C;82;42;40;82;84;40;124;4850000;37;0
9999;Jack Campbell;EDM;TOR;G;47;31;5;0;93;25;124;5000000;38;6
134;Charlie McAvoy;BOS;BOS;D;78;10;46;56;30;92;122;9500000;39;0
9999;Ilya Sorokin;NYI;NYI;G;52;26;7;0;78;35;121;4000000;40;8
7;Nathan MacKinnon;COL;COL;C;65;32;56;88;64;56;120;6300000;41;0
34;Jason Robertson;DAL;DAL;L;74;41;38;79;82;38;120;0;42;0
64;Alex DeBrincat;OTT;CHI;R;82;41;37;78;82;37;119;6400000;43;0
155;Rasmus Dahlin;BUF;BUF;D;80;13;40;53;39;80;119;6000000;44;0
12;Artemi Panarin;NYR;NYR;L;75;22;74;96;44;74;118;11642857;45;0
21;Patrick Kane;CHI;CHI;R;78;26;66;92;52;66;118;10500000;46;0
39;Kevin Fiala;LAK;MIN;L;82;33;52;85;66;52;118;7875000;47;0
40;Sebastian Aho;CAR;CAR;C;79;37;44;81;74;44;118;8460250;48;0
153;Shea Theodore;VGK;VGK;D;78;14;38;52;42;76;118;5200000;49;0
159;Brent Burns;CAR;SJS;D;82;10;44;54;30;88;118;5280000;50;0
32;David Pastrnak;BOS;BOS;R;72;40;37;77;80;37;117;6666667;51;0
9999;Connor Hellebuyck;WPG;WPG;G;66;29;4;0;87;20;117;6166666;52;10
31;Vladimir Tarasenko;STL;STL;R;75;34;48;82;68;48;116;7500000;53;0
178;Shayne Gostisbehere;ARI;ARI;D;82;14;37;51;42;74;116;4500000;54;0
17;Nazem Kadri;CGY;COL;C;71;28;59;87;56;59;115;7000000;55;0
18;Sidney Crosby;PIT;PIT;C;69;31;53;84;62;53;115;8700000;56;0
35;Sam Reinhart;FLA;FLA;C;78;33;49;82;66;49;115;6500000;57;0
169;Noah Dobson;NYI;NYI;D;80;13;38;51;39;76;115;4000000;58;0
9999;Cam Talbot;OTT;MIN;G;48;32;3;0;96;15;115;3666667;59;4
56;William Nylander;TOR;TOR;R;81;34;46;80;68;46;114;6962366;60;0
25;Brad Marchand;BOS;BOS;L;70;32;48;80;64;48;112;6125000;61;0
108;anThony DeAngelo;PHI;CAR;D;64;10;41;51;30;82;112;5000000;62;0
58;Timo Meier;SJS;SJS;R;77;35;41;76;70;41;111;6000000;63;0
9999;Thatcher Demko;VAN;VAN;G;61;33;1;0;99;5;111;5000000;64;7
44;Mika Zibanejad;NYR;NYR;C;81;29;52;81;58;52;110;8500000;65;0
182;Justin Faulk;STL;STL;D;76;16;31;47;48;62;110;6500000;66;0
76;Roope Hintz;DAL;DAL;C;80;37;35;72;74;35;109;3150000;67;0
9999;Marc Andre Fleury1;MIN;CHI,MIN;G;56;28;4;0;84;20;109;3500000;68;5
55;Joe Pavelski;DAL;DAL;C;82;27;54;81;54;54;108;5500000;69;0
137;Zachary Werenski;CLB;CBJ;D;68;11;37;48;33;74;107;9583333;70;0
161;Seth Jones;CHI;CHI;D;78;5;46;51;15;92;107;9500000;71;0
185;Moritz Seider;DET;DET;D;82;7;43;50;21;86;107;863333;72;0
37;Pavel Buchnevich;STL;STL;L;73;30;46;76;60;46;106;5800000;73;0
85;Tage Thompson;BUF;BUF;R;78;38;30;68;76;30;106;1400000;74;0
195;Noah Hanifin;CGY;CGY;D;81;10;38;48;30;76;106;4950000;75;0
79;Troy Terry;ANA;ANA;R;75;37;30;67;74;30;104;1450000;76;0
184;Rasmus Andersson;CGY;CGY;D;82;4;46;50;12;92;104;4550000;77;0
27;Mats Zuccarello;MIN;MIN;R;70;24;55;79;48;55;103;6000000;78;0
61;John Tavares;TOR;TOR;C;79;27;49;76;54;49;103;11000000;79;0
206;Damon Severson;NJD;NJD;D;80;11;35;46;33;70;103;4166666;80;0
42;Jordan Kyrou;STL;STL;C;74;27;48;75;54;48;102;2800000;81;0
57;Evgeny Kuznetsov;WAS;WSH;C;79;24;54;78;48;54;102;7800000;82;0
226;Alex Pietrangelo;VGK;VGK;D;80;13;31;44;39;62;101;8800000;83;0
59;Dylan Larkin;DET;DET;C;71;31;38;69;62;38;100;6100000;84;0
92;Elias Pettersson;VAN;VAN;C;80;32;36;68;64;36;100;7350000;85;0
172;John Klingberg;ANA;DAL;D;74;6;41;47;18;82;100;7000000;86;0
36;Mark Scheifele;WPG;WPG;C;67;29;41;70;58;41;99;6125000;87;0
62;Jesper Bratt;NJD;NJD;L;76;26;47;73;52;47;99;5450000;88;0
82;Andrei Svechnikov;CAR;CAR;R;78;30;39;69;60;39;99;7750000;89;0
111;Ryan Hartman;MIN;MIN;R;82;34;31;65;68;31;99;1700000;90;0
236;Evan Bouchard;EDM;EDM;D;81;12;31;43;36;62;98;863333;91;0
9999;Elvis Merzlikins;CLB;CBJ;G;56;27;2;0;81;10;98;5400000;92;7
33;Robert Thomas;STL;STL;C;72;20;57;77;40;57;97;2800000;93;0
93;Brady Tkachuk;OTT;OTT;L;79;30;37;67;60;37;97;8205714;94;0
87;Jonathan Marchessault;VGK;VGK;C;76;30;36;66;60;36;96;5000000;95;0
100;Brock Nelson;NYI;NYI;C;72;37;22;59;74;22;96;6000000;96;0
112;Jeff Skinner;BUF;BUF;L;80;33;30;63;66;30;96;9000000;97;0
227;MacKenzie Weegar;CGY;FLA;D;80;8;36;44;24;72;96;3250000;98;0
9999;Jake Oettinger;DAL;DAL;G;46;30;1;0;90;5;96;4000000;99;1
150;Torey Krug;STL;STL;D;64;9;34;43;27;68;95;6500000;100;0
2;Nikita Kucherov;TBL;TBL;R;47;25;44;69;50;44;94;9500000;101;0
115;Tomas Hertl;SJS;SJS;C;82;30;34;64;60;34;94;8137500;102;0
224;Cam Fowler;ANA;ANA;D;76;9;33;42;27;66;93;6500000;103;0
73;Tyler Bertuzzi;DET;DET;L;68;30;32;62;60;32;92;4750000;104;0
68;Clayton Keller;ARI;ARI;R;67;28;35;63;56;35;91;7150000;105;0
9999;Ville Husso;DET;STL;G;38;25;2;0;75;10;91;4750000;106;6
80;Patrice Bergeron;BOS;BOS;C;73;25;40;65;50;40;90;2500000;107;0
96;Joshua Norris;OTT;OTT;C;66;35;20;55;70;20;90;7950000;108;0
151;Andrew Mangiapane;CGY;CGY;L;82;35;20;55;70;20;90;5800000;109;0
183;Jared Spurgeon;MIN;MIN;D;65;10;30;40;30;60;90;7575000;110;0
9999;Mikko Koskinen;bye;EDM;G;43;27;1;0;81;5;90;0;111;4
24;Gabriel Landeskog;COL;COL;L;51;30;29;59;60;29;89;7000000;112;0
106;Ryan Johansen;NAS;NSH;C;79;26;37;63;52;37;89;8000000;113;0
114;Anthony Duclair;FLA;FLA;L;74;31;27;58;62;27;89;3000000;114;0
142;Adrian Kempe;LAK;LAK;C;78;35;19;54;70;19;89;5500000;115;0
216;Tyson Barrie;EDM;EDM;D;73;7;34;41;21;68;89;4500000;116;0
268;Jacob Trouba;NYR;NYR;D;81;11;28;39;33;56;89;8000000;117;0
9999;Ilya Samsonov;TOR;WSH;G;39;23;3;0;69;15;89;1800000;118;5
9999;Alex Nedeljkovic;DET;DET;G;52;20;4;0;60;20;89;3000000;119;9
125;Pierre Luc Dubois;WPG;WPG;L;81;28;32;60;56;32;88;6000000;120;0
235;Jaccob Slavin;CAR;CAR;D;79;4;38;42;12;76;88;5300000;121;0
9999;Jonathan Quick;LAK;LAK;G;46;23;2;0;69;10;88;5800000;122;9
94;Teuvo Teravainen;CAR;CAR;L;77;22;43;65;44;43;87;5400000;123;0
273;Brady Skjei;CAR;CAR;D;82;9;30;39;27;60;87;5250000;124;0
9999;Jeremy Swayman;BOS;BOS;G;39;23;3;0;69;15;87;925000;125;3
83;Brayden Point;TBL;TBL;C;66;28;30;58;56;30;86;9500000;126;0
88;Claude Giroux;OTT;PHI,FLA;R;75;21;44;65;42;44;86;6500000;127;0
99;Anze Kopitar;LAK;LAK;C;81;19;48;67;38;48;86;10000000;128;0
107;Michael Bunting;TOR;TOR;L;79;23;40;63;46;40;86;950000;129;0
124;Ivan Barbashev;STL;STL;C;81;26;34;60;52;34;86;2250000;130;0
278;Joshua Morrissey;WPG;WPG;D;79;12;25;37;36;50;86;6250000;131;0
9999;Vitek Vanecek;NJD;WSH;G;39;20;4;0;60;20;86;3400000;132;6
103;Chandler Stephenson;VGK;VGK;C;79;21;43;64;42;43;85;2750000;133;0
135;Oliver Bjorkstrand;SEA;CBJ;R;80;28;29;57;56;29;85;5400000;134;0
289;Brandon Montour;FLA;FLA;D;81;11;26;37;33;52;85;3500000;135;0
9999;Linus Ullmark;BOS;BOS;G;39;26;1;0;78;5;85;5000000;136;2
91;David Perron;DET;STL;L;67;27;30;57;54;30;84;4750000;137;0
101;Trevor Zegras;ANA;ANA;C;75;23;38;61;46;38;84;925000;138;0
133;Alex Killorn;TBL;TBL;L;82;25;34;59;50;34;84;4450000;139;0
242;Gustav Forsling;FLA;FLA;D;71;10;27;37;30;54;84;2666667;140;0
81;Nikolaj Ehlers;WPG;WPG;L;62;28;27;55;56;27;83;6000000;141;0
116;Andre Burakovsky;SEA;COL;L;80;22;39;61;44;39;83;5500000;142;0
122;Bo Horvat;VAN;VAN;C;70;31;21;52;62;21;83;5500000;143;0
167;Thomas Chabot;OTT;OTT;D;59;7;31;38;21;62;83;8000000;144;0
264;Mikhail Sergachev;TBL;TBL;D;78;7;31;38;21;62;83;4800000;145;0
26;Jack Hughes;NJD;NJD;C;49;26;30;56;52;30;82;8000000;146;0
50;Patrik Laine;CLB;CBJ;L;56;26;30;56;52;30;82;8700000;147;0
60;Bryan Rust;PIT;PIT;R;60;24;34;58;48;34;82;5125000;148;0
69;Nick Schmaltz;ARI;ARI;C;63;23;36;59;46;36;82;5850000;149;0
70;Brayden Schenn;STL;STL;C;62;24;34;58;48;34;82;6500000;150;0
120;Nick Suzuki;MTL;MTL;C;82;21;40;61;42;40;82;7875000;151;0
288;Dmitry Orlov;WAS;WSH;D;76;12;23;35;36;46;82;5100000;152;0
90;Nico Hischier;NJD;NJD;C;70;21;39;60;42;39;81;7250000;153;0
118;Taylor Hall;BOS;BOS;L;81;20;41;61;40;41;81;6000000;154;0
136;Zach Hyman;EDM;EDM;L;76;27;27;54;54;27;81;5500000;155;0
265;Filip Hronek;DET;DET;D;78;5;33;38;15;66;81;4400000;156;0
128;Tim Stutzle;OTT;OTT;L;79;22;36;58;44;36;80;925000;157;0
139;Erik Karlsson;SJS;SJS;D;50;10;25;35;30;50;80;11500000;158;0
141;Lucas Raymond;DET;DET;L;82;23;34;57;46;34;80;925000;159;0
121;Ryan Oreilly;STL;STL;C;78;21;37;58;42;37;79;7500000;160;0
131;Logan Couture;SJS;SJS;C;77;23;33;56;46;33;79;8000000;161;0
138;Carter Verhaeghe;FLA;FLA;C;78;24;31;55;48;31;79;4166667;162;0
261;Darnell Nurse;EDM;EDM;D;71;9;26;35;27;52;79;9250000;163;0
166;Phillip Danault;LAK;LAK;C;79;27;24;51;54;24;78;5500000;164;0
280;Mark Giordano;TOR;SEA,TOR;D;75;8;27;35;24;54;78;800000;165;0
313;Kevin Shattenkirk;ANA;ANA;D;82;8;27;35;24;54;78;3900000;166;0
72;Blake Wheeler;WPG;WPG;R;65;17;43;60;34;43;77;8250000;167;0
95;Valeri Nichushkin;COL;COL;R;62;25;27;52;50;27;77;6125000;168;0
143;Sam Bennett;FLA;FLA;C;71;28;21;49;56;21;77;4425000;169;0
148;Jared McCann;SEA;SEA;L;74;27;23;50;54;23;77;5000000;170;0
245;Miro Heiskanen;DAL;DAL;D;70;5;31;36;15;62;77;8450000;171;0
270;Vince Dunn;SEA;SEA;D;73;7;28;35;21;56;77;4000000;172;0
9999;Cal Petersen;LAK;LAK;G;35;20;3;0;60;15;77;5000000;173;2
152;Tom Wilson;WAS;WSH;R;78;24;28;52;48;28;76;5166666;174;0
302;Colton Parayko;STL;STL;D;80;6;29;35;18;58;76;6500000;175;0
9999;Robin Lehner;VGK;VGK;G;44;23;1;0;69;5;76;5000000;176;2
105;Mikael Granlund;NAS;NSH;C;80;11;53;64;22;53;75;5000000;177;0
130;Ryan Strome;ANA;NYR;C;74;21;33;54;42;33;75;5000000;178;0
171;Joel Eriksson Ek;MIN;MIN;C;77;26;23;49;52;23;75;5250000;179;0
9999;Anton Forsberg;OTT;OTT;G;44;22;1;0;66;5;75;2750000;180;4
104;Mathew Barzal;NYI;NYI;C;73;15;44;59;30;44;74;7000000;181;0
126;Andrew Copp;DET;WPG,NYR;C;72;21;32;53;42;32;74;5625000;182;0
190;Anders Lee;NYI;NYI;L;76;28;18;46;56;18;74;7000000;183;0
144;Cam Atkinson;PHI;PHI;R;73;23;27;50;46;27;73;5875000;184;0
176;Brandon Saad;STL;STL;L;78;24;25;49;48;25;73;4500000;185;0
192;Tyler Seguin;DAL;DAL;C;81;24;25;49;48;25;73;9850000;186;0
325;Michael Matheson;MTL;PIT;D;74;11;20;31;33;40;73;4875000;187;0
175;Vincent Trocheck;NYR;CAR;C;81;21;30;51;42;30;72;5625000;188;0
9999;James Reimer;SJS;SJS;G;46;19;1;0;57;5;72;2250000;189;10
149;Conor Garland;VAN;VAN;R;77;19;33;52;38;33;71;4950000;190;0
164;Gustav Nyquist;CLB;CBJ;C;82;18;35;53;36;35;71;5500000;191;0
298;Neal Pionk;WPG;WPG;D;77;3;31;34;9;62;71;5875000;192;0
315;Oliver Kylington;CGY;CGY;D;73;9;22;31;27;44;71;2500000;193;0
337;Vladislav Gavrikov;CLB;CBJ;D;80;5;28;33;15;56;71;2800000;194;0
368;Ivan Provorov;PHI;PHI;D;79;9;22;31;27;44;71;6750000;195;0
371;Ryan Suter;DAL;DAL;D;82;7;25;32;21;50;71;3650000;196;0
140;Dylan Strome;WAS;CHI;C;69;22;26;48;44;26;70;3500000;197;0
191;Yegor Sharangovich;NJD;NJD;C;76;24;22;46;48;22;70;2000000;198;0
9999;Spencer Knight;FLA;FLA;G;27;19;2;0;57;10;70;925000;199;3
9999;John Gibson;ANA;ANA;G;56;18;1;0;54;5;70;6400000;200;11
109;Drew Doughty;LAK;LAK;D;39;7;24;31;21;48;69;11000000;201;0
123;Viktor Arvidsson;LAK;LAK;L;66;20;29;49;40;29;69;4250000;202;0
145;Victor Olofsson;BUF;BUF;L;72;20;29;49;40;29;69;4750000;203;0
156;Tyler Toffoli;CGY;MTL,CGY;R;74;20;29;49;40;29;69;4250000;204;0
162;Yanni Gourde;SEA;SEA;C;74;21;27;48;42;27;69;5166666;205;0
163;Brock Boeser;VAN;VAN;R;71;23;23;46;46;23;69;6650000;206;0
207;Brandon Hagel;TBL;CHI,TBL;L;77;25;19;44;50;19;69;1500000;207;0
267;Dougie Hamilton;NJD;NJD;D;62;9;21;30;27;42;69;9000000;208;0
377;Travis Sanheim;PHI;PHI;D;80;7;24;31;21;48;69;4675000;209;0
9999;Philipp Grubauer;SEA;SEA;G;54;18;2;0;54;10;69;5900000;210;5
113;Jakub Voracek;CLB;CBJ;R;79;6;56;62;12;56;68;8250000;211;0
160;Travis Konecny;PHI;PHI;R;79;16;36;52;32;36;68;5500000;212;0
201;Nino Niederreiter;NAS;CAR;R;75;24;20;44;48;20;68;4000000;213;0
333;Nate Schmidt;WPG;WPG;D;77;4;28;32;12;56;68;5950000;214;0
343;Mattias Ekholm;NAS;NSH;D;76;6;25;31;18;50;68;6250000;215;0
366;Jamie Drysdale;ANA;ANA;D;81;4;28;32;12;56;68;925000;216;0
9999;Jordan Binnington;STL;STL;G;37;18;2;0;54;10;68;6000000;217;4
119;Boone Jenner;CLB;CBJ;C;59;23;21;44;46;21;67;3750000;218;0
170;Ondrej Palat;NJD;TBL;L;77;18;31;49;36;31;67;6000000;219;0
221;Jack Roslovic;CLB;CBJ;C;81;22;23;45;44;23;67;4000000;220;0
229;Jake DeBrusk;BOS;BOS;L;77;25;17;42;50;17;67;4000000;221;0
168;Cole Caufield;MTL;MTL;R;67;23;20;43;46;20;66;880833;222;0
174;Paul Stastny;CAR;WPG;C;71;21;24;45;42;24;66;1500000;223;0
187;Kyle Okposo;BUF;BUF;R;74;21;24;45;42;24;66;6000000;224;0
86;Mason Marchment;DAL;FLA;L;54;18;29;47;36;29;65;4500000;225;0
196;Trevor Moore;LAK;LAK;C;81;17;31;48;34;31;65;1875000;226;0
211;Marcus Foligno;MIN;MIN;L;74;23;19;42;46;19;65;3100000;227;0
220;Jordan Eberle;SEA;SEA;R;79;21;23;44;42;23;65;5500000;228;0
250;Tanner Jeannot;NAS;NSH;L;81;24;17;41;48;17;65;800000;229;0
339;Jonas Brodin;MIN;MIN;D;73;5;25;30;15;50;65;6000000;230;0
179;Alexander Kerfoot;TOR;TOR;C;82;13;38;51;26;38;64;3500000;231;0
197;Jeff Carter;PIT;PIT;C;76;19;26;45;38;26;64;3125000;232;0
217;Jamie Benn;DAL;DAL;L;82;18;28;46;36;28;64;9500000;233;0
225;Evgeni Dadonov;MTL;VGK;R;78;20;23;43;40;23;63;5000000;234;0
355;Brett Pesce;CAR;CAR;D;70;7;21;28;21;42;63;4025000;235;0
374;Alexandre Carrier;NAS;NSH;D;77;3;27;30;9;54;63;733333;236;0
393;Oliver Ekman Larsson;VAN;VAN;D;79;5;24;29;15;48;63;7260000;237;0
41;Evgeni Malkin;PIT;PIT;C;41;20;22;42;40;22;62;6100000;238;0
147;Anton Lundell;FLA;FLA;C;65;18;26;44;36;26;62;925000;239;0
189;Conor Sheary;WAS;WSH;L;71;19;24;43;38;24;62;1500000;240;0
214;Erik Haula;NJD;BOS;L;78;18;26;44;36;26;62;2375000;241;0
237;Evan Rodrigues;none;PIT;C;82;19;24;43;38;24;62;0;242;0
284;James van Riemsdyk;PHI;PHI;L;82;24;14;38;48;14;62;7000000;243;0
330;Alex Goligoski;MIN;MIN;D;72;2;28;30;6;56;62;2000000;244;0
388;Ryan Graves;NJD;NJD;D;75;6;22;28;18;44;62;3166667;245;0
419;Christopher Tanev;CGY;CGY;D;82;6;22;28;18;44;62;4500000;246;0
63;Drake Batherson;OTT;OTT;R;46;17;27;44;34;27;61;4975000;247;0
75;Evander Kane;EDM;EDM;L;43;22;17;39;44;17;61;5125000;248;0
110;Ryan Nugent Hopkins;EDM;EDM;C;63;11;39;50;22;39;61;5125000;249;0
132;Adam Henrique;ANA;ANA;C;58;19;23;42;38;23;61;5825000;250;0
203;Rickard Rakell;PIT;ANA,PIT;R;70;20;21;41;40;21;61;5000000;251;0
251;Kailer Yamamoto;EDM;EDM;R;81;20;21;41;40;21;61;3100000;252;0
259;Ross Colton;TBL;TBL;C;79;22;17;39;44;17;61;1125000;253;0
275;Matt Dumba;MIN;MIN;D;57;7;20;27;21;40;61;6000000;254;0
328;Samuel Girard;COL;COL;D;67;5;23;28;15;46;61;5000000;255;0
401;Cody Ceci;EDM;EDM;D;78;5;23;28;15;46;61;3250000;256;0
409;Ben Chiarot;DET;MTL,FLA;D;74;9;17;26;27;34;61;4750000;257;0
173;Phil Kessel;VGK;ARI;R;82;8;44;52;16;44;60;1500000;258;0
213;Anthony Cirelli;TBL;TBL;C;76;17;26;43;34;26;60;4800000;259;0
233;Charlie Coyle;BOS;BOS;C;82;16;28;44;32;28;60;5250000;260;0
364;Jeff Petry;PIT;MTL;D;68;6;21;27;18;42;60;6250000;261;0
418;TJ Brodie;TOR;TOR;D;82;4;24;28;12;48;60;5000000;262;0
9999;Mike Smith;EDM;EDM;G;27;16;2;0;48;10;60;2200000;263;2
248;Dawson Mercer;NJD;NJD;C;82;17;25;42;34;25;59;894167;264;0
263;Corey Perry;TBL;TBL;R;82;19;21;40;38;21;59;1000000;265;0
380;Hampus Lindholm;BOS;ANA,BOS;D;71;5;22;27;15;44;59;6500000;266;0
402;Adam Pelech;NYI;NYI;D;78;3;25;28;9;50;59;5750000;267;0
9999;Antti Raanta;CAR;CAR;G;26;15;2;0;45;10;59;2000000;268;4
194;Josh Bailey;NYI;NYI;R;74;14;30;44;28;30;58;5000000;269;0
205;Frederick Gaudreau;MIN;MIN;C;76;14;30;44;28;30;58;1200000;270;0
319;Chris Wideman;MTL;MTL;D;64;4;23;27;12;46;58;762500;271;0
459;Erik Johnson;COL;COL;D;77;8;17;25;24;34;58;6000000;272;0
492;Adam Larsson;SEA;SEA;D;82;8;17;25;24;34;58;4000000;273;0
200;Seth Jarvis;CAR;CAR;C;68;17;23;40;34;23;57;894167;274;0
246;Artturi Lehkonen;COL;MTL,COL;L;74;19;19;38;38;19;57;4500000;275;0
249;Jean Gabriel Pageau;NYI;NYI;C;77;18;21;39;36;21;57;5000000;276;0
320;Sean Durzi;Same;LAK;D;64;3;24;27;9;48;57;0;277;0
390;Jake Bean;CLB;CBJ;D;67;7;18;25;21;36;57;2333333;278;0
9999;Alexandar Georgiev;COL;NYR;G;28;15;2;0;45;10;57;3400000;279;2
66;Max Pacioretty;CAR;VGK;L;39;19;18;37;38;18;56;7000000;280;0
394;Ryan McDonagh;NAS;TBL;D;71;4;22;26;12;44;56;6750000;281;0
317;Adam Boqvist;CLB;CBJ;D;52;11;11;22;33;22;55;2600000;282;0
495;Dmitry Kulikov;ANA;MIN;D;80;7;17;24;21;34;55;2250000;283;0
97;Matthew Boldy;MIN;MIN;L;47;15;24;39;30;24;54;880833;284;0
146;Reilly Smith;VGK;VGK;R;56;16;22;38;32;22;54;5000000;285;0
238;Lawson Crouse;ARI;ARI;L;65;20;14;34;40;14;54;4300000;286;0
247;Martin Necas;CAR;CAR;C;78;14;26;40;28;26;54;3000000;287;0
256;Nicolas Roy;VGK;VGK;C;78;15;24;39;30;24;54;3000000;288;0
279;Alex Iafallo;LAK;LAK;L;79;17;20;37;34;20;54;4000000;289;0
448;Esa Lindell;DAL;DAL;D;76;4;21;25;12;42;54;5800000;290;0
482;Anton Stralman;None;ARI;D;74;8;15;23;24;30;54;0;291;0
9999;Anthony Stolarz;ANA;ANA;G;23;12;3;0;36;15;54;950000;292;3
193;Ilya Mikheyev;VAN;TOR;R;53;21;11;32;42;11;53;4750000;293;0
286;Jordan Staal;CAR;CAR;C;78;17;19;36;34;19;53;6000000;294;0
9999;Casey DeSmith;PIT;PIT;G;24;11;3;0;33;15;53;1800000;295;5
9999;Craig Anderson;BUF;BUF;G;31;17;0;0;51;0;53;1500000;296;2
218;Rem Pitlick;MTL;MIN,MTL;C;66;15;22;37;30;22;52;1100000;297;0
266;Craig Smith;BOS;BOS;C;74;16;20;36;32;20;52;3100000;298;0
276;Travis Boyd;ARI;ARI;C;74;17;18;35;34;18;52;1750000;299;0
449;Matt Grzelcyk;BOS;BOS;D;73;4;20;24;12;40;52;3687500;300;0
454;Carson Soucy;SEA;SEA;D;64;10;11;21;30;22;52;2750000;301;0
232;Joel Farabee;PHI;PHI;L;63;17;17;34;34;17;51;5000000;302;0
244;Pavel Zacha;BOS;NJD;C;70;15;21;36;30;21;51;3500000;303;0
269;Dylan Cozens;BUF;BUF;C;79;13;25;38;26;25;51;894167;304;0
272;Mikael Backlund;CGY;CGY;C;82;12;27;39;24;27;51;5350000;305;0
277;JT Compher;COL;COL;L;70;18;15;33;36;15;51;3500000;306;0
282;Josh Anderson;MTL;MTL;R;69;19;13;32;38;13;51;5500000;307;0
300;Pius Suter;DET;DET;C;82;15;21;36;30;21;51;3250000;308;0
305;Danton Heinen;PIT;PIT;L;76;18;15;33;36;15;51;1000000;309;0
382;Timothy Liljegren;TOR;TOR;D;61;5;18;23;15;36;51;1400000;310;0
397;Dante Fabbro;NAS;NSH;D;66;3;21;24;9;42;51;2400000;311;0
466;Nick Leddy;STL;DET,STL;D;75;3;21;24;9;42;51;4000000;312;0
487;John Marino;NJD;PIT;D;81;1;24;25;3;48;51;4400000;313;0
9999;Carter Hart;PHI;PHI;G;44;13;1;0;39;5;51;3979000;314;7
117;Alex Tuch;BUF;BUF;R;50;12;26;38;24;26;50;4750000;315;0
223;Jesse Puljujarvi;EDM;EDM;R;65;14;22;36;28;22;50;3000000;316;0
230;Max Domi;CHI;CBJ,CAR;C;72;11;28;39;22;28;50;3000000;317;0
239;Mike Hoffman;MTL;MTL;L;67;15;20;35;30;20;50;4500000;318;0
292;Frank Vatrano;ANA;FLA,NYR;R;71;18;14;32;36;14;50;3650000;319;0
293;Pierre Engvall;TOR;TOR;L;78;15;20;35;30;20;50;2250000;320;0
312;Zach Parise;NYI;NYI;L;82;15;20;35;30;20;50;750000;321;0
346;Dillon Dube;CGY;CGY;C;79;18;14;32;36;14;50;2300000;322;0
347;Alex Formenton;OTT;OTT;L;79;18;14;32;36;14;50;0;323;0
369;Alexis Lafreniere;NYR;NYR;L;79;19;12;31;38;12;50;925000;324;0
483;Justin Schultz;SEA;WSH;D;74;4;19;23;12;38;50;3000000;325;0
546;Artem Zub;OTT;OTT;D;81;6;16;22;18;32;50;2500000;326;0
9999;Scott Wedgewood;DAL;NJD,ARI,DAL;G;32;13;1;0;39;5;50;1000000;327;6
186;Connor Brown;WAS;OTT;R;64;10;29;39;20;29;49;3600000;328;0
219;Alexander Barabanov;SJS;SJS;L;70;10;29;39;20;29;49;2500000;329;0
241;Jonathan Toews;CHI;CHI;C;71;12;25;37;24;25;49;10500000;330;0
296;Jakob Chychrun;ARI;ARI;D;47;7;14;21;21;28;49;4600000;331;0
344;Blake Coleman;CGY;CGY;C;81;16;17;33;32;17;49;4900000;332;0
425;Justin Holl;TOR;TOR;D;69;3;20;23;9;40;49;2000000;333;0
523;P.K. Subban;None;NJD;D;77;5;17;22;15;34;49;0;334;0
243;Sonny Milano;None;ANA;L;66;14;20;34;28;20;48;0;335;0
253;Tanner Pearson;VAN;VAN;L;68;14;20;34;28;20;48;3250000;336;0
260;Andreas Johnsson;NJD;NJD;L;71;13;22;35;26;22;48;3400000;337;0
271;Kyle Palmieri;NYI;NYI;R;69;15;18;33;30;18;48;5000000;338;0
285;Alexander Wennberg;SEA;SEA;C;80;11;26;37;22;26;48;4500000;339;0
335;Jesper Fast;CAR;CAR;R;82;14;20;34;28;20;48;2000000;340;0
354;Nicholas Paul;TBL;OTT,TBL;L;80;16;16;32;32;16;48;3150000;341;0
506;Nikita Zadorov;CGY;CGY;D;74;4;18;22;12;36;48;3750000;342;0
516;Jake McCabe;CHI;CHI;D;75;4;18;22;12;36;48;4000000;343;0
234;Robby Fabbri;DET;DET;C;56;17;13;30;34;13;47;4000000;344;0
240;William Karlsson;VGK;VGK;C;67;12;23;35;24;23;47;5900000;345;0
326;Ryan Donato;SEA;SEA;C;74;16;15;31;32;15;47;1200000;346;0
341;Dominik Kubalik;DET;CHI;L;78;15;17;32;30;17;47;2500000;347;0
370;Cole Sillinger;CLB;CBJ;C;79;16;15;31;32;15;47;925000;348;0
385;Ryan Pulock;NYI;NYI;D;56;5;16;21;15;32;47;6150000;349;0
531;Brett Kulak;EDM;MTL,EDM;D;74;5;16;21;15;32;47;2750000;350;0
539;Nick Jensen;WAS;WSH;D;76;5;16;21;15;32;47;2500000;351;0
606;Kandre Miller;NYR;NYR;D;82;7;13;20;21;26;47;925000;352;0
9999;Karel Vejmelka;ARI;ARI;G;49;13;1;0;39;5;47;2725000;353;3
281;Alex Newhook;COL;COL;C;71;13;20;33;26;20;46;908333;354;0
291;Anthony Beauvillier;NYI;NYI;L;75;12;22;34;24;22;46;4150000;355;0
329;Barclay Goodrow;NYR;NYR;C;79;13;20;33;26;20;46;3641667;356;0
353;Vladislav Namestnikov;TBL;DET,DAL;C;75;16;14;30;32;14;46;2500000;357;0
463;Zach Whitecloud;VGK;VGK;D;59;8;11;19;24;22;46;2750000;358;0
9999;Kaapo Kahkonen;SJS;MIN,SJS;G;33;14;0;0;42;0;46;2750000;359;4
367;Tomas Tatar;NJD;NJD;L;76;15;15;30;30;15;45;4500000;360;0
398;Isac Lundestrom;ANA;ANA;C;80;16;13;29;32;13;45;1800000;361;0
493;Ty Smith;PIT;NJD;D;66;5;15;20;15;30;45;863333;362;0
198;Christian Dvorak;MTL;MTL;C;56;11;22;33;22;22;44;4450000;363;0
308;Lars Eller;WAS;WSH;C;72;13;18;31;26;18;44;3500000;364;0
342;Derek Grant;ANA;ANA;C;71;15;14;29;30;14;44;1500000;365;0
373;Sean Kuraly;CLB;CBJ;C;77;14;16;30;28;16;44;2500000;366;0
379;Sam Gagner;WPG;DET;C;81;13;18;31;26;18;44;750000;367;0
477;Matt Roy;LAK;LAK;D;67;2;19;21;6;38;44;3150000;368;0
522;Jon Merrill;MIN;MIN;D;69;4;16;20;12;32;44;1200000;369;0
323;Philip Tomasino;NAS;NSH;C;76;11;21;32;22;21;43;863333;370;0
345;Kasperi Kapanen;PIT;PIT;R;79;11;21;32;22;21;43;3200000;371;0
453;Duncan Keith;bye;EDM;D;64;1;20;21;3;40;43;0;372;0
585;Brenden Dillon;WPG;WPG;D;79;3;17;20;9;34;43;3900000;373;0
587;Nick Holden;OTT;OTT;D;76;5;14;19;15;28;43;1300000;374;0
290;Calle Jarnkrok;TOR;SEA,CGY;C;66;12;18;30;24;18;42;2100000;375;0
304;Mathieu Joseph;OTT;TBL,OTT;R;69;12;18;30;24;18;42;2950000;376;0
316;Denis Gurianov;DAL;DAL;R;73;11;20;31;22;20;42;2900000;377;0
351;Jake Evans;MTL;MTL;C;72;13;16;29;26;16;42;1700000;378;0
422;Michael Rasmussen;DET;DET;C;80;15;12;27;30;12;42;1460000;379;0
458;Nick Bonino;SJS;SJS;C;80;16;10;26;32;10;42;2050000;380;0
566;Justin Braun;PHI;PHI,NYR;D;69;6;12;18;18;24;42;1000000;381;0
676;Martin Fehervary;WAS;WSH;D;79;8;9;17;24;18;42;791667;382;0
9999;Semyon Varlamov;NYI;NYI;G;29;10;2;0;30;10;42;5000000;383;2
165;Kevin Hayes;PHI;PHI;C;48;10;21;31;20;21;41;7142857;384;0
231;Ondrej Kase;CAR;TOR;R;50;14;13;27;28;13;41;1500000;385;0
283;Alexander Edler;LAK;LAK;D;41;3;16;19;9;32;41;750000;386;0
294;Scott Laughton;PHI;PHI;C;67;11;19;30;22;19;41;3000000;387;0
299;Jesperi Kotkaniemi;CAR;CAR;C;66;12;17;29;24;17;41;4820000;388;0
423;Arthur Kaliyev;LAK;LAK;R;80;14;13;27;28;13;41;894167;389;0
472;Henri Jokiharju;BUF;BUF;D;60;3;16;19;9;32;41;2500000;390;0
497;Yakov Trenin;NAS;NSH;C;80;17;7;24;34;7;41;1700000;391;0
9999;Adin Hill;VGK;SJS;G;22;10;2;0;30;10;41;2175000;392;1
9999;Jake Allen;MTL;MTL;G;35;9;2;0;27;10;41;2875000;393;4
9999;Mackenzie Blackwood;NJD;NJD;G;24;9;2;0;27;10;41;2800000;394;4
157;Ryan Getzlaf;bye;ANA;C;56;3;34;37;6;34;40;0;395;0
417;Garnet Hathaway;WAS;WSH;R;76;14;12;26;28;12;40;1500000;396;0
447;Vasily Podkolzin;VAN;VAN;R;79;14;12;26;28;12;40;925000;397;0
561;Marcus Pettersson;PIT;PIT;D;72;2;17;19;6;34;40;4025175;398;0
584;Ian Cole;TBL;CAR;D;75;2;17;19;6;34;40;3000000;399;0
669;Erik Gudbranson;CLB;CGY;D;78;6;11;17;18;22;40;4000000;400;0
9999;Dustin Tokarski;PIT;BUF;G;28;10;1;0;30;5;40;775000;401;5
102;Mark Stone;VGK;VGK;R;37;9;21;30;18;21;39;9500000;402;0
127;Jack Eichel;VGK;VGK;C;34;14;11;25;28;11;39;10000000;403;0
212;Bowen Byram;COL;COL;D;30;5;12;17;15;24;39;894167;404;0
306;Patric Hornqvist;FLA;FLA;R;65;11;17;28;22;17;39;5300000;405;0
491;Erik Gustafsson;WAS;CHI;D;59;3;15;18;9;30;39;800000;406;0
511;Scott Mayfield;NYI;NYI;D;61;3;15;18;9;30;39;1450000;407;0
567;Brayden McNabb;VGK;VGK;D;69;3;15;18;9;30;39;2850000;408;0
577;Luke Schenn;VAN;VAN;D;66;5;12;17;15;24;39;850000;409;0
603;Keith Yandle;None;PHI;D;77;1;18;19;3;36;39;0;410;0
619;Brian Dumoulin;PIT;PIT;D;76;3;15;18;9;30;39;4100000;411;0
621;Jan Rutta;PIT;TBL;D;76;3;15;18;9;30;39;2750000;412;0
9999;Martin Jones;SEA;PHI;G;33;12;0;0;36;0;39;2000000;413;3
324;Marcus Johansson;WAS;SEA,WSH;L;69;9;20;29;18;20;38;1100000;414;0
349;Vinnie Hinostroza;BUF;BUF;C;62;13;12;25;26;12;38;1700000;415;0
424;Patrick Maroon;TBL;TBL;L;81;11;16;27;22;16;38;1000000;416;0
446;Oskar Lindblom;SJS;PHI;L;79;12;14;26;24;14;38;2500000;417;0
470;Warren Foegele;EDM;EDM;L;82;12;14;26;24;14;38;2750000;418;0
607;Mike Reilly;BOS;BOS;D;70;4;13;17;12;26;38;3000000;419;0
616;Josh Manson;COL;ANA,COL;D;67;6;10;16;18;20;38;4500000;420;0
158;Nicklas Backstrom;WAS;WSH;C;47;6;25;31;12;25;37;9200000;421;0
301;Dustin Brown;None;LAK;R;64;9;19;28;18;19;37;0;422;0
303;Jordan Greenway;MIN;MIN;L;62;10;17;27;20;17;37;3000000;423;0
307;Teddy Blueger;PIT;PIT;C;65;9;19;28;18;19;37;2200000;424;0
350;Eric Robinson1;CLB;CBJ;L;67;10;17;27;20;17;37;1600000;425;0
408;Jason Spezza;None;TOR;C;71;12;13;25;24;13;37;0;426;0
420;Brad Hunt;COL;VAN;D;50;3;14;17;9;28;37;762500;427;0
450;Oliver Wahlstrom;NYI;NYI;R;73;13;11;24;26;11;37;894167;428;0
471;David Kampf;TOR;TOR;C;82;11;15;26;22;15;37;1500000;429;0
476;Rasmus Sandin;TOR;TOR;D;51;5;11;16;15;22;37;0;430;0
541;David Savard;MTL;MTL;D;62;3;14;17;9;28;37;3500000;431;0
666;Tyler Myers;VAN;VAN;D;82;1;17;18;3;34;37;6000000;432;0
210;TJ Oshie;WAS;WSH;R;44;11;14;25;22;14;36;5750000;433;0
712;Brandon Carlo;BOS;BOS;D;79;6;9;15;18;18;36;4100000;434;0
348;Nick Ritchie;ARI;TOR,ARI;L;57;12;11;23;24;11;35;2500000;435;0
391;Kirby Dach;MTL;CHI;C;70;9;17;26;18;17;35;3362500;436;0
405;Colton Sissons;NAS;NSH;C;79;7;21;28;14;21;35;2857143;437;0
421;Rasmus Asplund;BUF;BUF;C;80;8;19;27;16;19;35;825000;438;0
434;Eetu Luostarinen;FLA;FLA;C;78;9;17;26;18;17;35;1500000;439;0
451;Alex Chiasson;None;VAN;R;67;13;9;22;26;9;35;0;440;0
513;Caleb Jones;CHI;CHI;D;51;5;10;15;15;20;35;1350000;441;0
551;Luke Kunin;SJS;NSH;C;82;13;9;22;26;9;35;2750000;442;0
623;Jamie Oleksiak;SEA;SEA;D;72;1;16;17;3;32;35;4600000;443;0
624;Trevor van Riemsdyk1;WAS;WSH;D;72;1;16;17;3;32;35;950000;444;0
644;Marc Staal;FLA;DET;D;71;3;13;16;9;26;35;750000;445;0
682;Radko Gudas;FLA;FLA;D;77;3;13;16;9;26;35;2500000;446;0
9999;Samuel Montembeault;MTL;MTL;G;30;8;1;0;24;5;35;1000000;447;6
360;Barrett Hayton;ARI;ARI;C;60;10;14;24;20;14;34;0;448;0
381;Rudolfs Balcers;FLA;SJS;L;61;11;12;23;22;12;34;750000;449;0
383;Nic Dowd;WAS;WSH;C;64;10;14;24;20;14;34;1300000;450;0
389;Mattias Janmark;EDM;VGK;C;67;9;16;25;18;16;34;1250000;451;0
399;Jonathan Dahlen;bye;SJS;C;61;12;10;22;24;10;34;0;452;0
412;Janis Moser;ARI;ARI;D;43;4;11;15;12;22;34;886667;453;0
415;Brock McGinn;PIT;PIT;L;64;12;10;22;24;10;34;2750000;454;0
416;Blake Lizotte;LAK;LAK;C;70;10;14;24;20;14;34;1675000;455;0
460;Filip Zadina;DET;DET;R;74;10;14;24;20;14;34;1825000;456;0
469;Daniel Sprong;None;WSH,SEA;R;63;14;6;20;28;6;34;0;457;0
484;Nicolas Aube Kubel;TOR;PHI,COL;R;74;11;12;23;22;12;34;1000000;458;0
490;Eeli Tolvanen;NAS;NSH;R;75;11;12;23;22;12;34;1450000;459;0
557;Adam Lowry;WPG;WPG;C;79;13;8;21;26;8;34;3250000;460;0
609;Rasmus Ristolainen;PHI;PHI;D;66;2;14;16;6;28;34;5100000;461;0
711;Ryan Lindgren;NYR;NYR;D;78;4;11;15;12;22;34;3000000;462;0
340;Jesper Boqvist;NJD;NJD;C;56;10;13;23;20;13;33;874125;463;0
507;Taylor Raddysh;CHI;TBL,CHI;R;74;11;11;22;22;11;33;758333;464;0
610;Ethan Bear;CAR;CAR;D;58;5;9;14;15;18;33;2200000;465;0
9999;Chris Driedger;SEA;SEA;G;24;9;1;0;27;5;33;3500000;466;1
129;Jakub Vrana;DET;DET;L;26;13;6;19;26;6;32;5250000;467;0
181;Anthony Mantha;WAS;WSH;R;37;9;14;23;18;14;32;5700000;468;0
321;Tyler Ennis;None;OTT;R;57;8;16;24;16;16;32;0;469;0
467;Brian Boyle;None;PIT;C;66;11;10;21;22;10;32;0;470;0
509;Logan Oconnor;COL;COL;R;81;8;16;24;16;16;32;1050000;471;0
517;Derek Ryan;EDM;EDM;C;75;10;12;22;20;12;32;1250000;472;0
549;Nicolas Hague;VGK;VGK;D;52;4;10;14;12;20;32;0;473;0
678;Jacob Middleton;MIN;SJS,MIN;D;66;4;10;14;12;20;32;2450000;474;0
707;Ilya Lyubushkin;BUF;ARI,TOR;D;77;2;13;15;6;26;32;2750000;475;0
722;Derek Forbort;BOS;BOS;D;76;4;10;14;12;20;32;3000000;476;0
724;Andrew Peeke;CLB;CBJ;D;82;2;13;15;6;26;32;787500;477;0
180;Jaden Schwartz;SEA;SEA;C;37;8;15;23;16;15;31;5500000;478;0
222;Alexandre Texier;CLB;CBJ;C;36;11;9;20;22;9;31;0;479;0
309;Brendan Gallagher;MTL;MTL;R;56;7;17;24;14;17;31;6500000;480;0
372;Oskar Sundqvist;DET;STL,DET;C;59;8;15;23;16;15;31;2750000;481;0
395;Noah Gregor;SJS;SJS;C;63;8;15;23;16;15;31;950000;482;0
406;Sean Monahan;MTL;CGY;C;65;8;15;23;16;15;31;6375000;483;0
432;Owen Tippett;PHI;FLA,PHI;R;63;10;11;21;20;11;31;1500000;484;0
461;Nick Cousins;FLA;NSH;C;68;9;13;22;18;13;31;1100000;485;0
480;Keegan Kolesar;VGK;VGK;R;77;7;17;24;14;17;31;1400000;486;0
505;Jake Muzzin;TOR;TOR;D;47;3;11;14;9;22;31;5625000;487;0
580;Milan Lucic;CGY;CGY;L;82;10;11;21;20;11;31;5250000;488;0
690;Marco Scandella;STL;STL;D;70;3;11;14;9;22;31;3275000;489;0
718;Marc Edouard Vlasic;SJS;SJS;D;75;3;11;14;9;22;31;7000000;490;0
9999;Nico Daws;NJD;NJD;G;23;10;0;0;30;0;31;850833;491;1
9999;Thomas Greiss;STL;DET;G;28;10;0;0;30;0;31;1250000;492;1
295;Victor Rask;None;MIN,SEA;C;47;9;12;21;18;12;30;0;493;0
392;Colin Miller;DAL;BUF;D;38;2;12;14;6;24;30;1850000;494;0
414;Colin Blackwell;CHI;SEA,TOR;C;58;10;10;20;20;10;30;1200000;495;0
452;Filip Chytil;NYR;NYR;C;67;8;14;22;16;14;30;2300000;496;0
508;Sam Carrick;ANA;ANA;C;64;11;8;19;22;8;30;850000;497;0
510;Ryan McLeod;EDM;EDM;C;71;9;12;21;18;12;30;0;498;0
564;Zachary Sanford;NAS;OTT,WPG;L;80;9;12;21;18;12;30;850000;499;0
596;Nathan Bastian;NJD;SEA,NJD;R;72;12;6;18;24;6;30;825000;500;0
657;Mario Ferraro;SJS;SJS;D;63;2;12;14;6;24;30;3250000;501;0
708;Zdeno Chara;None;NYI;D;72;2;12;14;6;24;30;0;502;0
751;Chad Ruhwedel;PIT;PIT;D;78;4;9;13;12;18;30;800000;503;0
9999;Kevin Lankinen;NAS;CHI;G;29;8;0;0;24;0;30;1500000;504;6
252;Michael Del Zotto;FLA;OTT;D;26;3;10;13;9;20;29;750000;505;0
314;Brett Howden;VGK;VGK;C;47;9;11;20;18;11;29;1500000;506;0
378;Peyton Krebs;BUF;VGK,BUF;C;57;7;15;22;14;15;29;863333;507;0
465;Michael Amadio;VGK;TOR,VGK;C;56;11;7;18;22;7;29;762500;508;0
468;William Carrier;VGK;VGK;L;63;9;11;20;18;11;29;1400000;509;0
486;Mason Appleton;WPG;SEA,WPG;C;68;8;13;21;16;13;29;2166667;510;0
494;Morgan Geekie;SEA;SEA;C;73;7;15;22;14;15;29;1400000;511;0
547;Nico Sturm;SJS;MIN,COL;C;74;9;11;20;18;11;29;2000000;512;0
565;Jacob Peterson;DAL;DAL;C;65;12;5;17;24;5;29;842500;513;0
591;Pierre Edouard Bellemare;TBL;TBL;L;80;9;11;20;18;11;29;1000000;514;0
612;Niko Mikkola;STL;STL;D;54;3;10;13;9;20;29;1900000;515;0
648;Ben Hutton;VGK;VGK;D;58;3;10;13;9;20;29;850000;516;0
664;Dylan Coghlan;CAR;VGK;D;59;3;10;13;9;20;29;762500;517;0
696;Jonas Siegenthaler;NJD;NJD;D;70;1;13;14;3;26;29;1125000;518;0
764;Alexander Romanov;NYI;MTL;D;79;3;10;13;9;20;29;2500000;519;0
188;Andreas Athanasiou;CHI;LAK;C;28;11;6;17;22;6;28;3000000;520;0
262;Johan Larsson;None;ARI,WSH;L;43;7;14;21;14;14;28;0;521;0
455;Derek Stepan;CAR;CAR;C;58;9;10;19;18;10;28;0;522;0
464;Zemgus Girgensons;BUF;BUF;L;56;10;8;18;20;8;28;2200000;523;0
502;Nils Hoglander;VAN;VAN;L;60;10;8;18;20;8;28;891667;524;0
560;Erik Brannstrom;OTT;OTT;D;53;0;14;14;0;28;28;900000;525;0
595;Tyson Jost;MIN;COL,MIN;C;80;8;12;20;16;12;28;2000000;526;0
732;Dysin Mayo;ARI;ARI;D;67;4;8;12;12;16;28;950000;527;0
776;Jani Hakanpaa;DAL;DAL;D;80;4;8;12;12;16;28;1500000;528;0
336;Derick Brassard;None;PHI,EDM;C;46;8;11;19;16;11;27;0;529;0
410;Alex Galchenyuk;None;ARI;C;60;6;15;21;12;15;27;0;530;0
457;Ryan Lomberg;FLA;FLA;L;55;9;9;18;18;9;27;800000;531;0
478;Philipp Kurashev;CHI;CHI;C;67;6;15;21;12;15;27;750000;532;0
558;Connor McMichael;WAS;WSH;C;68;9;9;18;18;9;27;863333;533;0
622;Erik Cernak;TBL;TBL;D;55;1;12;13;3;24;27;2950000;534;0
649;Logan Stanley;WPG;WPG;D;58;1;12;13;3;24;27;900000;535;0
684;Gustav Lindstrom;DET;DET;D;63;1;12;13;3;24;27;850000;536;0
737;Mark Pysyk;DET;BUF;D;68;3;9;12;9;18;27;850000;537;0
744;Dylan DeMelo;WPG;WPG;D;76;1;12;13;3;24;27;3000000;538;0
199;Jonathan Drouin;MTL;MTL;L;34;6;14;20;12;14;26;5500000;539;0
365;Jakob Silfverberg;ANA;ANA;R;53;5;16;21;10;16;26;5250000;540;0
435;Sebastian Aho;CAR;NYI;D;36;2;10;12;6;20;26;8460250;541;0
485;Alexander Radulov;bye;DAL;R;71;4;18;22;8;18;26;0;542;0
498;Trent Frederic;BOS;BOS;C;60;8;10;18;16;10;26;1050000;543;0
504;Ryan Poehling;PIT;MTL;C;57;9;8;17;18;8;26;750000;544;0
514;Sam Steel;MIN;ANA;C;68;6;14;20;12;14;26;825000;545;0
562;Evgeny Svechnikov;SJS;WPG;L;72;7;12;19;14;12;26;750000;546;0
573;Michael McLeod;NJD;NJD;C;77;6;14;20;12;14;26;975000;547;0
615;Austin Watson;OTT;OTT;L;67;10;6;16;20;6;26;1500000;548;0
633;Riley Stillman;CHI;CHI;D;52;2;10;12;6;20;26;1350000;549;0
673;Casey Cizikas;NYI;NYI;C;74;10;6;16;20;6;26;2500000;550;0
274;Casey Mittelstadt;BUF;BUF;C;40;6;13;19;12;13;25;2500000;551;0
318;Kieffer Bellows;NYI;NYI;L;45;6;13;19;12;13;25;1200000;552;0
327;Kaapo Kakko;NYR;NYR;R;43;7;11;18;14;11;25;2100000;553;0
334;Jason Zucker;PIT;PIT;L;41;8;9;17;16;9;25;5500000;554;0
456;Zack Kassian;ARI;EDM;R;58;6;13;19;12;13;25;3200000;555;0
550;Dean Kukan;bye;CBJ;D;41;3;8;11;9;16;25;0;556;0
613;Adam Erne;DET;DET;L;79;6;13;19;12;13;25;2100000;557;0
706;Luke Glendening;DAL;DAL;C;82;9;7;16;18;7;25;1500000;558;0
257;Brandon Tanev;SEA;SEA;L;30;9;6;15;18;6;24;3500000;559;0
481;Justin Danforth;CLB;CBJ;R;45;10;4;14;20;4;24;975000;560;0
515;Joonas Donskoi;SEA;SEA;R;75;2;20;22;4;20;24;3900000;561;0
536;Carl Grundstrom;LAK;LAK;R;54;9;6;15;18;6;24;1300000;562;0
578;Chris Tierney;FLA;OTT;C;70;6;12;18;12;12;24;750000;563;0
581;Braden Schneider;NYR;NYR;D;43;2;9;11;6;18;24;925000;564;0
604;Radek Faksa;DAL;DAL;C;77;5;14;19;10;14;24;3250000;565;0
630;Travis Hamonic;OTT;VAN,OTT;D;43;4;6;10;12;12;24;3000000;566;0
636;Curtis Lazar;VAN;BOS;C;70;8;8;16;16;8;24;1000000;567;0
736;Nikita Zaitsev;OTT;OTT;D;62;2;9;11;6;18;24;4500000;568;0
739;Connor Murphy;CHI;CHI;D;57;4;6;10;12;12;24;4400000;569;0
202;Sean Couturier;PHI;PHI;C;29;6;11;17;12;11;23;7750000;570;0
439;Cam York;PHI;PHI;D;30;3;7;10;9;14;23;880833;571;0
500;Gerry Mayhew;None;PHI,ANA;C;40;11;1;12;22;1;23;0;572;0
503;Janne Kuokkanen;None;NJD;C;57;6;11;17;12;11;23;0;573;0
608;Matt Nieto;SJS;SJS;L;70;6;11;17;12;11;23;850000;574;0
639;Joe Veleno;None;DET;C;66;8;7;15;16;7;23;0;575;0
650;Dryden Hunt;NYR;NYR;L;76;6;11;17;12;11;23;762500;576;0
663;Jimmy Vesey;NYR;NJD;L;68;8;7;15;16;7;23;0;577;0
677;Brandon Duhaime;MIN;MIN;R;80;6;11;17;12;11;23;750000;578;0
681;Michael Raffl;None;DAL;L;76;7;9;16;14;9;23;0;579;0
705;Jake Walman;DET;STL,DET;D;51;3;7;10;9;14;23;1050000;580;0
489;Maxime Comtois;ANA;ANA;L;52;6;10;16;12;10;22;2037500;581;0
537;Kale Clague;BUF;LAK,MTL;D;36;2;8;10;6;16;22;750000;582;0
571;Loui Eriksson;None;ARI;L;73;3;16;19;6;16;22;0;583;0
576;Tyler Motte;None;VAN,NYR;C;58;7;8;15;14;8;22;0;584;0
662;Darren Helm;COL;COL;C;68;7;8;15;14;8;22;1250000;585;0
689;Trevor Lewis;CGY;CGY;C;80;6;10;16;12;10;22;800000;586;0
694;Juho Lammikko;None;VAN;L;75;7;8;15;14;8;22;0;587;0
719;Danny DeKeyser;None;DET;D;59;0;11;11;0;22;22;0;588;0
745;Matt Benning;None;NSH;D;65;0;11;11;0;22;22;0;589;0
752;Connor Clifton;BOS;BOS;D;60;2;8;10;6;16;22;1000000;590;0
783;Andy Greene;None;NYI;D;69;2;8;10;6;16;22;0;591;0
411;Maxim Mamin;None;FLA;C;40;7;7;14;14;7;21;0;592;0
520;Morgan Frost;PHI;PHI;C;55;5;11;16;10;11;21;800000;593;0
540;Michael McCarron;NAS;NSH;R;51;7;7;14;14;7;21;750000;594;0
572;Brendan Lemieux;LAK;LAK;L;50;8;5;13;16;5;21;1350000;595;0
582;Cal Clutterbuck;NYI;NYI;R;59;6;9;15;12;9;21;1750000;596;0
583;Jordan Martinook;CAR;CAR;L;59;6;9;15;12;9;21;1800000;597;0
605;Riley Sheahan;BUF;SEA;C;69;4;13;17;8;13;21;950000;598;0
643;Yegor Chinakhov;CLB;CBJ;R;62;7;7;14;14;7;21;925000;599;0
645;Lucas Carlsson;FLA;FLA;D;40;3;6;9;9;12;21;800000;600;0
651;Wayne Simmonds;TOR;TOR;R;72;5;11;16;10;11;21;900000;601;0
709;Steven Lorentz;SJS;CAR;C;67;8;5;13;16;5;21;1050000;602;0
727;Dominic Toninato;WPG;WPG;C;77;7;7;14;14;7;21;750000;603;0
767;Nicolas Deslauriers;PHI;ANA,MIN;L;81;8;5;13;16;5;21;1750000;604;0
796;Jacob Bryson;BUF;BUF;D;73;1;9;10;3;18;21;1850000;605;0
356;Nathan Walker;STL;STL;L;30;8;4;12;16;4;20;750000;606;0
521;Kris Russell;None;EDM;D;31;2;7;9;6;14;20;0;607;0
618;Mattias Samuelsson;BUF;BUF;D;42;0;10;10;0;20;20;925000;608;0
620;Gabriel Carlsson;WAS;CBJ;D;38;2;7;9;6;14;20;750000;609;0
628;Joel Armia;MTL;MTL;R;60;6;8;14;12;8;20;3400000;610;0
637;Nick Bjugstad;ARI;MIN;C;57;7;6;13;14;6;20;900000;611;0
642;Tomas Nosek;BOS;BOS;L;75;3;14;17;6;14;20;1750000;612;0
671;Zach Aston-Reese;None;PIT,ANA;C;69;5;10;15;10;10;20;0;613;0
672;Andrew Cogliano;COL;SJS,COL;C;74;4;12;16;8;12;20;1250000;614;0
697;Kyle Capobianco;WPG;ARI;D;45;2;7;9;6;14;20;762500;615;0
733;Brendan Smith;NJD;CAR;D;45;4;4;8;12;8;20;1100000;616;0
746;Jansen Harkins;WPG;WPG;C;77;7;6;13;14;6;20;850000;617;0
766;Cal Foote;TBL;TBL;D;56;2;7;9;6;14;20;850000;618;0
821;Calvin de Haan;None;CHI;D;69;4;4;8;12;8;20;0;619;0
488;Alec Martinez;VGK;VGK;D;26;3;5;8;9;10;19;5250000;620;0
518;Parker Kelly;OTT;OTT;L;41;7;5;12;14;5;19;762500;621;0
611;Adam Gaudette;TOR;CHI,OTT;C;58;5;9;14;10;9;19;750000;622;0
625;Andrew Ladd;ARI;ARI;L;51;7;5;12;14;5;19;5500000;623;0
748;Zach Bogosian;TBL;TBL;D;48;3;5;8;9;10;19;850000;624;0
792;Robert Hagg;DET;BUF,FLA;D;64;1;8;9;3;16;19;800000;625;0
811;Jack Johnson;CHI;COL;D;74;1;8;9;3;16;19;950000;626;0
441;Jordan Spence;LAK;LAK;D;24;2;6;8;6;12;18;820000;627;0
631;Sam Lafferty;CHI;PIT,CHI;C;56;5;8;13;10;8;18;1150000;628;0
638;Rasmus Kupari;LAK;LAK;C;57;5;8;13;10;8;18;863333;629;0
654;Will Borgen;None;SEA;D;36;2;6;8;6;12;18;0;630;0
674;Will Butcher;DAL;BUF;D;37;2;6;8;6;12;18;750000;631;0
704;Kevin Rooney;CGY;NYR;C;61;6;6;12;12;6;18;1300000;632;0
715;Ryan Reaves;NYR;NYR;R;69;5;8;13;10;8;18;1750000;633;0
728;Jaycob Megna;SJS;SJS;D;44;2;6;8;6;12;18;762500;634;0
734;Jordan Oesterle;DET;DET;D;45;2;6;8;6;12;18;1350000;635;0
793;Mikey Anderson;None;LAK;D;57;2;6;8;6;12;18;0;636;0
552;Emil Bemstrom;CLB;CBJ;C;41;6;5;11;12;5;17;900000;637;0
559;Carl Hagelin;WAS;WSH;L;53;3;11;14;6;11;17;2750000;638;0
568;Matthew Highmore;STL;VAN;C;46;5;7;12;10;7;17;750000;639;0
668;MacKenzie Entwistle;CHI;CHI;R;55;5;7;12;10;7;17;800000;640;0
686;Jordie Benn;TOR;MIN;D;39;1;7;8;3;14;17;750000;641;0
723;Josh Mahura;ANA;ANA;D;38;3;4;7;9;8;17;750000;642;0
812;Olli Maatta;None;LAK;D;66;1;7;8;3;14;17;0;643;0
375;Calle Rosen;STL;STL;D;18;2;5;7;6;10;16;762500;644;0
473;Laurent Dauphin;ARI;MTL;C;38;4;8;12;8;8;16;750000;645;0
579;Scott Reedy;SJS;SJS;C;35;7;2;9;14;2;16;842500;646;0
647;Devin Shore;EDM;EDM;C;49;5;6;11;10;6;16;850000;647;0
665;Jasper Weatherby;SJS;SJS;C;50;5;6;11;10;6;16;842500;648;0
675;Michael Pezzetta;MTL;MTL;L;51;5;6;11;10;6;16;750000;649;0
720;Gavin Bayreuther;CLB;CBJ;D;43;0;8;8;0;16;16;750000;650;0
730;Dominik Simon;None;PIT,ANA;C;72;3;10;13;6;10;16;0;651;0
735;Jason Dickinson;VAN;VAN;C;62;5;6;11;10;6;16;2650000;652;0
741;Cody Eakin;None;BUF;C;69;4;8;12;8;8;16;0;653;0
794;Nicolas Meloche;CGY;SJS;D;50;2;5;7;6;10;16;950000;654;0
819;Travis Dermott;VAN;TOR,VAN;D;60;2;5;7;6;10;16;1500000;655;0
823;Tobias Bjornfot;LAK;LAK;D;70;0;8;8;0;16;16;894167;656;0
824;Patrik Nemeth;ARI;NYR;D;63;2;5;7;6;10;16;2500000;657;0
834;Jeremy Lauzon;NAS;SEA,NSH;D;66;2;5;7;6;10;16;2000000;658;0
403;Adam Ruzicka;CGY;CGY;C;28;5;5;10;10;5;15;0;659;0
462;Vinni Lettieri;BOS;ANA;C;31;5;5;10;10;5;15;750000;660;0
512;Joe Thornton;None;FLA;C;34;5;5;10;10;5;15;0;661;0
532;Logan Brown;STL;STL;C;39;4;7;11;8;7;15;750000;662;0
590;Joel Edmundson;MTL;MTL;D;24;3;3;6;9;6;15;3500000;663;0
602;Quinton Byfield;LAK;LAK;C;40;5;5;10;10;5;15;894167;664;0
614;Tyler Bozak;None;STL;C;50;3;9;12;6;9;15;0;665;0
688;Nick Foligno;BOS;BOS;L;64;2;11;13;4;11;15;3800000;666;0
714;Christian Fischer;ARI;ARI;R;53;5;5;10;10;5;15;1125875;667;0
731;Ryan Carpenter;NYR;CHI,CGY;C;67;3;9;12;6;9;15;750000;668;0
215;Noah Cates;PHI;PHI;L;16;5;4;9;10;4;14;925000;669;0
228;Michael Stone;None;CGY;D;11;2;4;6;6;8;14;0;670;0
601;Corey Schueneman;MTL;MTL;D;24;2;4;6;6;8;14;750000;671;0
685;Cam Dineen;ARI;ARI;D;34;0;7;7;0;14;14;750000;672;0
713;Victor Mete;TOR;OTT;D;37;0;7;7;0;14;14;750000;673;0
797;Joel Hanley;DAL;DAL;D;44;2;4;6;6;8;14;750000;674;0
331;Colin White;FLA;OTT;C;24;3;7;10;6;7;13;1200000;675;0
400;Mathieu Perreault;bye;MTL;C;25;4;5;9;8;5;13;0;676;0
589;Ryan Dzingel;CAR;ARI,SJS;C;32;5;3;8;10;3;13;750000;677;0
640;Karson Kuhlman;SEA;BOS,SEA;C;44;3;7;10;6;7;13;825000;678;0
646;Klim Kostin;STL;STL;C;40;4;5;9;8;5;13;750000;679;0
687;Patrick Brown;PHI;PHI;C;44;4;5;9;8;5;13;750000;680;0
770;Andrej Sustr;MIN;TBL,ANA;D;38;1;5;6;3;10;13;750000;681;0
772;Ryan Merkley;SJS;SJS;D;39;1;5;6;3;10;13;863333;682;0
795;Anders Bjork;BUF;BUF;L;58;5;3;8;10;3;13;1600000;683;0
857;Robert Bortuzzo;STL;STL;D;73;1;5;6;3;10;13;950000;684;0
77;Matthew Beniers;SEA;SEA;C;10;3;6;9;6;6;12;897500;685;0
287;Sami Niku;None;MTL;D;13;0;6;6;0;12;12;0;686;0
475;Scott Perunovich;STL;STL;D;19;0;6;6;0;12;12;750000;687;0
535;Gabriel Vilardi;LAK;LAK;C;25;5;2;7;10;2;12;825000;688;0
544;Aliaksei Protas;WAS;WSH;C;33;3;6;9;6;6;12;789167;689;0
629;Brendan Gaunce;CLB;CBJ;C;30;5;2;7;10;2;12;762500;690;0
683;Urho Vaakanainen;ANA;BOS,ANA;D;29;0;6;6;0;12;12;850000;691;0
725;Brad Richardson;None;CGY,VAN;R;44;4;4;8;8;4;12;0;692;0
756;Casey Fitzgerald;BUF;BUF;D;36;0;6;6;0;12;12;750000;693;0
775;Antoine Roussel;None;ARI;L;53;4;4;8;8;4;12;0;694;0
815;Zack MacEwen;None;PHI;C;75;3;6;9;6;6;12;0;695;0
822;Josh Brown;None;OTT,BOS;D;52;0;6;6;0;12;12;0;696;0
853;Kurtis MacDermid;COL;COL;D;58;2;3;5;6;6;12;987500;697;0
14;Ryan Ellis;PHI;PHI;D;4;1;4;5;3;8;11;6250000;698;0
204;Joe Snively;WAS;WSH;C;12;4;3;7;8;3;11;800000;699;0
208;Fabian Zetterlund;NJD;NJD;L;14;3;5;8;6;5;11;750000;700;0
357;Noel Acciari;STL;FLA;C;20;3;5;8;6;5;11;1250000;701;0
533;Anton Blidh;COL;BOS;L;32;2;7;9;4;7;11;750000;702;0
553;Dakota Joshua;VAN;STL;C;30;3;5;8;6;5;11;825000;703;0
574;Paul Byron;MTL;MTL;L;27;4;3;7;8;3;11;3400000;704;0
617;Robin Salo;NYI;NYI;D;21;1;4;5;3;8;11;800000;705;0
710;Mark Friedman;PIT;PIT;D;26;1;4;5;3;8;11;775000;706;0
773;Givani Smith;DET;DET;R;46;4;3;7;8;3;11;750000;707;0
798;Henrik Borgstrom;WAS;CHI;C;52;4;3;7;8;3;11;750000;708;0
816;Kyle Burroughs;VAN;VAN;D;42;1;4;5;3;8;11;750000;709;0
846;Simon Benoit;ANA;ANA;D;53;1;4;5;3;8;11;750000;710;0
332;Ville Heinola;WPG;WPG;D;12;0;5;5;0;10;10;863333;711;0
413;Kole Lind;SEA;SEA;R;23;2;6;8;4;6;10;850000;712;0
433;Dylan Samberg;WPG;WPG;D;15;0;5;5;0;10;10;925000;713;0
479;Lassi Thomson;OTT;OTT;D;16;0;5;5;0;10;10;863333;714;0
527;Michael Carcone;ARI;ARI;L;21;4;2;6;8;2;10;750000;715;0
548;Tyler Johnson;CHI;CHI;C;26;3;4;7;6;4;10;5000000;716;0
554;Calen Addison;MIN;MIN;D;15;2;2;4;6;4;10;795000;717;0
556;Ronnie Attard;PHI;PHI;D;15;2;2;4;6;4;10;883750;718;0
632;Carter Rowney;None;DET;C;26;4;2;6;8;2;10;0;719;0
774;William Lagesson;CAR;EDM,MTL;D;33;0;5;5;0;10;10;750000;720;0
781;Max Willman;PHI;PHI;C;41;4;2;6;8;2;10;750000;721;0
789;Julien Gauthier;NYR;NYR;R;49;3;4;7;6;4;10;800000;722;0
817;Boris Katchouk;CHI;TBL,CHI;L;59;3;4;7;6;4;10;758333;723;0
829;Haydn Fleury;TBL;SEA;D;36;2;2;4;6;4;10;762500;724;0
831;Dylan Gambrell;OTT;OTT;C;63;3;4;7;6;4;10;950000;725;0
843;Matt Martin;NYI;NYI;L;71;3;4;7;6;4;10;1500000;726;0
338;Austin Czarnik;DET;NYI,SEA;C;17;2;5;7;4;5;9;762500;727;0
376;Cole Perfetti;WPG;WPG;C;18;2;5;7;4;5;9;894167;728;0
386;Alex Barre Boulet;TBL;SEA,TBL;C;16;3;3;6;6;3;9;758333;729;0
519;Gregory Hofmann;None;CBJ;C;24;2;5;7;4;5;9;0;730;0
525;Kevin Labanc;SJS;SJS;R;21;3;3;6;6;3;9;4725000;731;0
534;Nolan Patrick;VGK;VGK;C;25;2;5;7;4;5;9;1200000;732;0
569;Matt Luff;DET;NSH;R;23;3;3;6;6;3;9;750000;733;0
626;Matt Irwin;WAS;WSH;D;17;1;3;4;3;6;9;750000;734;0
627;Kevin Bahl;NJD;NJD;D;17;1;3;4;3;6;9;795000;735;0
667;Ross Johnston;NYI;NYI;L;32;2;5;7;4;5;9;1100000;736;0
670;Brendan Perlini;None;EDM;L;23;4;1;5;8;1;9;0;737;0
759;Brett Leason;WAS;WSH;R;36;3;3;6;6;3;9;775000;738;0
769;Nils Lundkvist;NYR;NYR;D;25;1;3;4;3;6;9;925000;739;0
779;Philippe Myers;TBL;NSH;D;27;1;3;4;3;6;9;2550000;740;0
804;Andrej Sekera;None;DAL;D;32;1;3;4;3;6;9;0;741;0
818;Thomas Harley;DAL;DAL;D;34;1;3;4;3;6;9;863333;742;0
322;Sasha Chmelevski;None;SJS;C;19;0;8;8;0;8;8;0;743;0
387;Owen Power;BUF;BUF;D;8;2;1;3;6;2;8;916667;744;0
396;Derrick Pouliot;None;VGK,SEA;D;11;0;4;4;0;8;8;0;745;0
407;Radim Zohorna;PIT;PIT;L;17;2;4;6;4;4;8;750000;746;0
474;Brett Murray;BUF;BUF;L;19;2;4;6;4;4;8;750000;747;0
499;Oskar Steen;BOS;BOS;C;20;2;4;6;4;4;8;800000;748;0
575;Thomas Novak;NAS;NSH;C;27;1;6;7;2;6;8;750000;749;0
641;Drew Oconnor;PIT;PIT;L;22;3;2;5;6;2;8;750000;750;0
680;Slater Koekkoek;EDM;EDM;D;19;0;4;4;0;8;8;925000;751;0
698;Jonas Rondbjerg;VGK;VGK;R;30;2;4;6;4;4;8;766667;752;0
743;Connor Dewar;MIN;MIN;C;35;2;4;6;4;4;8;800000;753;0
750;Nathan Beaulieu;None;WPG;D;24;0;4;4;0;8;8;0;754;0
778;Colton White;ANA;NJD;D;27;0;4;4;0;8;8;762500;755;0
780;Jeffrey Viel;SJS;SJS;L;34;3;2;5;6;2;8;750000;756;0
782;Jake Leschyshyn;VGK;VGK;C;41;2;4;6;4;4;8;766667;757;0
810;Joel Kiviranta;DAL;DAL;L;56;1;6;7;2;6;8;1050000;758;0
833;Ryan Murray;EDM;COL;D;37;0;4;4;0;8;8;750000;759;0
864;Mark Borowiecki;NAS;NSH;D;57;0;4;4;0;8;8;900000;760;0
209;Nolan Foote;NJD;NJD;L;7;3;1;4;6;1;7;863333;761;0
311;Nick Blankenburg;CLB;CBJ;D;7;1;2;3;3;4;7;825000;762;0
404;Jesse Ylonen;MTL;MTL;R;14;2;3;5;4;3;7;880833;763;0
538;Drake Caggiula;PIT;BUF;C;18;2;3;5;4;3;7;750000;764;0
563;Mark Jankowski;NAS;BUF;C;19;2;3;5;4;3;7;750000;765;0
570;Matias Maccelli;ARI;ARI;L;23;1;5;6;2;5;7;853333;766;0
716;Buddy Robinson;CHI;ANA;R;32;1;5;6;2;5;7;750000;767;0
721;Morgan Barron;WPG;NYR,WPG;C;27;2;3;5;4;3;7;925000;768;0
765;Reese Johnson;CHI;CHI;C;37;1;5;6;2;5;7;800000;769;0
784;Colton Sceviour;None;EDM;C;35;2;3;5;4;3;7;0;770;0
802;Philip Broberg;EDM;EDM;D;23;1;2;3;3;4;7;863333;771;0
820;Greg McKegg;EDM;NYR;C;43;2;3;5;4;3;7;762500;772;0
836;Troy Stecher;ARI;DET,LAK;D;29;1;2;3;3;4;7;1250000;773;0
844;Brett Ritchie;None;CGY;R;41;3;1;4;6;1;7;0;774;0
847;Vladislav Kolyachonok;ARI;ARI;D;32;1;2;3;3;4;7;789167;775;0
859;Kevin Connauton;PHI;FLA,PHI;D;39;1;2;3;3;4;7;762500;776;0
861;Tucker Poolman;VAN;VAN;D;40;1;2;3;3;4;7;2500000;777;0
865;Nick Seeler;PHI;PHI;D;43;1;2;3;3;4;7;775000;778;0
352;Michael Sgarbossa;WAS;WSH;C;10;2;2;4;4;2;6;750000;779;0
361;Nathan Smith;ARI;ARI;C;10;2;2;4;4;2;6;883750;780;0
384;Matt Tennyson;None;NSH;D;8;0;3;3;0;6;6;0;781;0
496;Jakub Zboril;BOS;BOS;D;10;0;3;3;0;6;6;1137500;782;0
542;Dennis Cholowski;NYI;WSH,SEA;D;11;0;3;3;0;6;6;762500;783;0
545;Marc McLaughlin;BOS;BOS;C;11;3;0;3;6;0;6;883750;784;0
598;Mark Kastelic;OTT;OTT;C;16;2;2;4;4;2;6;821667;785;0
653;Mitchell Stephens;MTL;DET;C;27;0;6;6;0;6;6;750000;786;0
658;Arttu Ruotsalainen;None;BUF;C;18;2;2;4;4;2;6;0;787;0
679;James Neal;CLB;STL;L;19;2;2;4;4;2;6;0;788;0
717;Jalen Chatfield;CAR;CAR;D;16;0;3;3;0;6;6;762500;789;0
726;Justin Dowling;VAN;VAN;C;22;2;2;4;4;2;6;750000;790;0
742;Axel Jonsson Fjallby;WAS;WSH;L;23;2;2;4;4;2;6;750000;791;0
803;Tyler Pitlick;STL;CGY,MTL;C;39;1;4;5;2;4;6;0;792;0
813;Marian Studenic;DAL;NJD,DAL;L;33;2;2;4;4;2;6;750000;793;0
826;Jujhar Khaira;CHI;CHI;L;27;3;0;3;6;0;6;975000;794;0
862;John Hayden;SEA;BUF;C;55;2;2;4;4;2;6;750000;795;0
177;Thomas Bordeleau;SJS;SJS;C;8;0;5;5;0;5;5;916667;796;0
359;Isaac Ratcliffe;PHI;PHI;L;10;1;3;4;2;3;5;813750;797;0
362;Nikita Okhotiuk;NJD;NJD;D;5;1;1;2;3;2;5;789167;798;0
445;Mason McTavish;ANA;ANA;C;9;2;1;3;4;1;5;894167;799;0
501;Jack McBain;ARI;ARI;C;10;2;1;3;4;1;5;883750;800;0
530;Justin Barron;MTL;COL,MTL;D;7;1;1;2;3;2;5;925000;801;0
543;Sheldon Dries;VAN;VAN;C;11;2;1;3;4;1;5;762500;802;0
555;Taro Hirose;DET;DET;L;15;1;3;4;2;3;5;850000;803;0
635;Jan Jenik;ARI;ARI;R;13;2;1;3;4;1;5;795000;804;0
655;Christian Wolanin;VAN;BUF,LAK;D;9;1;1;2;3;2;5;750000;805;0
691;Greg Pateryn;bye;ANA;D;10;1;1;2;3;2;5;0;806;0
702;Matt Kiersted;FLA;FLA;D;10;1;1;2;3;2;5;762500;807;0
740;Kyle Turris;bye;EDM;C;23;1;3;4;2;3;5;0;808;0
768;Kyle Clifford;TOR;STL,TOR;L;25;1;3;4;2;3;5;762500;809;0
799;Michal Kempny;SEA;WSH;D;15;1;1;2;3;2;5;750000;810;0
800;Alex Vlasic;CHI;CHI;D;15;1;1;2;3;2;5;916667;811;0
814;Adam Brooks;PHI;MTL,VGK,WPG;C;25;2;1;3;4;1;5;762500;812;0
860;Liam O'Brien;None;ARI;C;39;2;1;3;4;1;5;0;813;0
874;Kristian Vesalainen;None;WPG;L;53;2;1;3;4;1;5;0;814;0
875;Radim Simek;SJS;SJS;D;36;1;1;2;3;2;5;2250000;815;0
52;Jack Drury;CAR;CAR;C;2;2;0;2;4;0;4;925000;816;0
154;Carl Dahlstrom;TOR;TOR;D;3;0;2;2;0;4;4;750000;817;0
254;Hayden Hodgson;PHI;PHI;R;6;1;2;3;2;2;4;800000;818;0
297;William Eklund;SJS;SJS;C;9;0;4;4;0;4;4;894167;819;0
310;Josh Leivo;STL;CAR;L;7;1;2;3;2;2;4;750000;820;0
358;Linus Hogberg;PHI;PHI;D;5;0;2;2;0;4;4;750000;821;0
363;Bobby Brink;PHI;PHI;R;10;0;4;4;0;4;4;925000;822;0
426;Martin Frk;STL;LAK;R;6;2;0;2;4;0;4;750000;823;0
428;Nick Merkley;None;SJS;R;9;1;2;3;2;2;4;0;824;0
431;Jeremy Davies;BUF;NSH;D;6;0;2;2;0;4;4;750000;825;0
437;Sean Walker;LAK;LAK;D;6;0;2;2;0;4;4;2650000;826;0
526;Sammy Blais;None;NYR;L;14;0;4;4;0;4;4;0;827;0
529;Paul Cotter;VGK;VGK;C;7;2;0;2;4;0;4;760000;828;0
593;Noah Juulsen;VAN;VAN;D;8;0;2;2;0;4;4;750000;829;0
599;Austin Strand;ANA;LAK;D;8;0;2;2;0;4;4;750000;830;0
634;Carson Meyer;CLB;CBJ;R;13;1;2;3;2;2;4;750000;831;0
656;Juuso Valimaki;CGY;CGY;D;9;0;2;2;0;4;4;1550000;832;0
659;Santeri Hatakka;SJS;SJS;D;9;0;2;2;0;4;4;850833;833;0
738;Logan Shaw;None;OTT;R;17;1;2;3;2;2;4;0;834;0
758;Benoit Olivier Groulx;ANA;ANA;C;18;1;2;3;2;2;4;822500;835;0
761;Zac Jones;None;NYR;D;12;0;2;2;0;4;4;0;836;0
835;Jacob Moverare;LAK;LAK;D;19;0;2;2;0;4;4;762500;837;0
848;Nate Thompson;None;PHI;C;33;1;2;3;2;2;4;0;838;0
858;Riley Nash;None;WPG,TBL,ARI;C;49;0;4;4;0;4;4;0;839;0
863;Alexey Toropchenko;STL;STL;R;28;2;0;2;4;0;4;750000;840;0
866;Jonah Gadjovich;SJS;SJS;L;43;1;2;3;2;2;4;750000;841;0
54;Jack Quinn;BUF;BUF;R;2;1;1;2;2;1;3;863333;842;0
438;Trey Fix Wolansky;CLB;CBJ;R;6;1;1;2;2;1;3;750000;843;0
444;Kent Johnson;CLB;CBJ;C;9;0;3;3;0;3;3;925000;844;0
528;Riley Damiani;DAL;DAL;C;7;1;1;2;2;1;3;803333;845;0
586;Brad Malone;EDM;EDM;C;8;1;1;2;2;1;3;762500;846;0
594;Ethan Prow;None;BUF;D;4;1;0;1;3;0;3;0;847;0
652;AJ Greer;BOS;NJD;L;9;1;1;2;2;1;3;762500;848;0
660;Jake Neighbours;STL;STL;L;9;1;1;2;2;1;3;835833;849;0
699;Jack Studnicka;BOS;BOS;C;15;0;3;3;0;3;3;762500;850;0
729;Kiefer Sherwood;NAS;COL;L;11;1;1;2;2;1;3;750000;851;0
762;Jack Ahcan;BOS;BOS;D;6;1;0;1;3;0;3;750000;852;0
771;Kristian Reichel;WPG;WPG;C;13;1;1;2;2;1;3;775000;853;0
777;Jayson Megna;COL;COL;C;20;0;3;3;0;3;3;750000;854;0
786;Jarred Tinordi;NYR;NYR;D;7;1;0;1;3;0;3;900000;855;0
790;John Leonard;NAS;SJS;L;14;1;1;2;2;1;3;750000;856;0
801;Tanner Kero;DAL;DAL;C;23;0;3;3;0;3;3;750000;857;0
809;Jake Christiansen;None;CBJ;D;8;1;0;1;3;0;3;0;858;0
839;Lias Andersson;LAK;LAK;C;20;1;1;2;2;1;3;750000;859;0
841;Jordan Harris;MTL;MTL;D;10;1;0;1;3;0;3;842500;860;0
849;Jonny Brodzinski;NYR;NYR;C;22;1;1;2;2;1;3;762500;861;0
868;Tyler Benson;EDM;EDM;L;29;1;1;2;2;1;3;750000;862;0
869;Alec Regula;CHI;CHI;D;15;1;0;1;3;0;3;866667;863;0
871;Grant Hutton;NYI;NYI;D;16;1;0;1;3;0;3;775000;864;0
872;Jay Beagle;None;ARI;C;33;1;1;2;2;1;3;0;865;0
47;Markus Nutivaara;SJS;FLA;D;1;0;1;1;0;2;2;1500000;866;0
48;Andrew Poturalski;SEA;CAR;C;2;0;2;2;0;2;2;762500;867;0
49;Lucas Johansen;WAS;WSH;D;1;0;1;1;0;2;2;762500;868;0
51;Reilly Walsh;NJD;NJD;D;1;0;1;1;0;2;2;925000;869;0
255;Vladimir Tkachev;None;LAK;L;4;0;2;2;0;2;2;0;870;0
258;Garrett Pilon;WAS;WSH;C;2;1;0;1;2;0;2;750000;871;0
429;Kyle Criscuolo;DET;DET;C;6;0;2;2;0;2;2;750000;872;0
442;Connor Mackey;CGY;CGY;D;3;0;1;1;0;2;2;912500;873;0
524;Scott Sabourin;OTT;OTT;R;7;0;2;2;0;2;2;750000;874;0
592;Bokondji Imama;ARI;ARI;L;4;1;0;1;2;0;2;750000;875;0
597;Otto Koivula;NYI;NYI;L;8;0;2;2;0;2;2;800000;876;0
600;Rafael Harvey Pinard;MTL;MTL;L;4;1;0;1;2;0;2;825000;877;0
661;Alexander Holtz;NJD;NJD;R;9;0;2;2;0;2;2;894167;878;0
700;Juuso Riikola;None;PIT;D;5;0;1;1;0;2;2;0;879;0
703;Ben Meyers;COL;COL;C;5;1;0;1;2;0;2;912500;880;0
747;Blake Comeau;None;DAL;L;6;1;0;1;2;0;2;0;881;0
749;Andy Andreoff;NYI;NYI;C;6;1;0;1;2;0;2;762500;882;0
753;Jacob Larsson;OTT;ANA;D;6;0;1;1;0;2;2;750000;883;0
754;Lukas Vejdemo;None;MTL;C;6;1;0;1;2;0;2;0;884;0
755;Kasper Bjorkqvist;None;PIT;R;6;1;0;1;2;0;2;0;885;0
760;Mattias Norlinder;MTL;MTL;D;6;0;1;1;0;2;2;859167;886;0
763;Hendrix Lapierre;WAS;WSH;C;6;1;0;1;2;0;2;863333;887;0
785;John Moore;ANA;BOS;D;7;0;1;1;0;2;2;1625000;888;0
787;Scott Harrington;None;CBJ;D;7;0;1;1;0;2;2;0;889;0
788;Mackenzie MacEachern;CAR;STL;L;14;0;2;2;0;2;2;750000;890;0
791;Jesper Froden;SEA;BOS;R;7;1;0;1;2;0;2;750000;891;0
807;Ian Mitchell;CHI;CHI;D;8;0;1;1;0;2;2;925000;892;0
808;Jacob Bernard Docker;OTT;OTT;D;8;0;1;1;0;2;2;925000;893;0
827;Petteri Lindbohm;None;FLA;D;9;0;1;1;0;2;2;0;894;0
828;Nic Petan;None;VAN;C;18;0;2;2;0;2;2;0;895;0
832;Nicholas Abruzzese;None;TOR;C;9;1;0;1;2;0;2;0;896;0
837;Riley Tufte;DAL;DAL;L;10;1;0;1;2;0;2;750000;897;0
840;Gabriel Fortier;TBL;TBL;L;10;1;0;1;2;0;2;791667;898;0
842;Nicholas Robertson;TOR;TOR;L;10;1;0;1;2;0;2;796667;899;0
845;Mike Hardman;CHI;CHI;L;21;0;2;2;0;2;2;800000;900;0
851;Daniil Miromanov;VGK;VGK;D;11;0;1;1;0;2;2;762500;901;0
852;Jackson Cates;PHI;PHI;C;11;1;0;1;2;0;2;775000;902;0
855;Cedric Paquette;None;MTL;C;24;0;2;2;0;2;2;0;903;0
856;Beck Malenstyn;WAS;WSH;L;12;1;0;1;2;0;2;762500;904;0
867;Lane Pederson;CAR;SJS;C;29;0;2;2;0;2;2;750000;905;0
873;Libor Hajek;NYR;NYR;D;17;0;1;1;0;2;2;800000;906;0
876;Ben Harpur;None;NSH;D;19;0;1;1;0;2;2;0;907;0
877;Markus Niemelainen;EDM;EDM;D;20;0;1;1;0;2;2;762500;908;0
43;Joseph Cramarossa;MIN;MIN;C;1;0;1;1;0;1;1;750000;909;0
46;Cooper Marody;PHI;EDM;C;1;0;1;1;0;1;1;762500;910;0
53;Valtteri Puustinen;PIT;PIT;R;1;0;1;1;0;1;1;842500;911;0
427;Gemel Smith;TBL;DET;C;3;0;1;1;0;1;1;750000;912;0
430;Fredrik Karlstrom;DAL;DAL;C;3;0;1;1;0;1;1;750000;913;0
436;Jayden Halbgewachs;None;SJS;L;3;0;1;1;0;1;1;0;914;0
440;Adam Beckman;MIN;MIN;L;3;0;1;1;0;1;1;894167;915;0
443;Alex Steeves;TOR;TOR;C;3;0;1;1;0;1;1;834167;916;0
588;Richard Panik;NYI;NYI;R;4;0;1;1;0;1;1;1375000;917;0
692;Matthew Peca;STL;STL;C;5;0;1;1;0;1;1;762500;918;0
693;Danny O'Regan;None;ANA;C;5;0;1;1;0;1;1;0;919;0
695;Dylan Sikura;CHI;COL;R;5;0;1;1;0;1;1;750000;920;0
701;Shane Pinto;OTT;OTT;C;5;0;1;1;0;1;1;925000;921;0
757;Aleksi Heponiemi;FLA;FLA;C;6;0;1;1;0;1;1;750000;922;0
805;Josh Archibald;PIT;EDM;R;8;0;1;1;0;1;1;900000;923;0
806;Cody Glass;NAS;NSH;C;8;0;1;1;0;1;1;874125;924;0
825;Brett Connolly;None;CHI;R;9;0;1;1;0;1;1;0;925;0
830;Clark Bishop;CGY;OTT;C;9;0;1;1;0;1;1;750000;926;0
838;Mathieu Olivier;CLB;NSH;R;10;0;1;1;0;1;1;750000;927;0
850;Lukas Reichel;CHI;CHI;L;11;0;1;1;0;1;1;925000;928;0
854;Dmitrij Jaskin;None;ARI;R;12;0;1;1;0;1;1;0;929;0
870;Josiah Slavin;CHI;CHI;L;15;0;1;1;0;1;1;842500;930;0
878;Alex Biega;None;TOR;D;2;0;0;0;0;0;0;0;931;0
879;Leo Komarov;None;NYI;R;1;0;0;0;0;0;0;0;932;0
880;Thomas Hickey;None;NYI;D;2;0;0;0;0;0;0;0;933;0
881;Zac Dalpe;FLA;FLA;C;1;0;0;0;0;0;0;750000;934;0
882;Luke Witkowski;STL;DET;D;1;0;0;0;0;0;0;750000;935;0
883;Andrew Agozzino;SJS;OTT;L;1;0;0;0;0;0;0;775000;936;0
884;Chris Wagner;BOS;BOS;R;1;0;0;0;0;0;0;1350000;937;0
885;Alex Belzile;MTL;MTL;R;11;0;0;0;0;0;0;750000;938;0
886;Max McCormick;SEA;SEA;L;10;0;0;0;0;0;0;762500;939;0
887;Fredrik Claesson;None;TBL;D;9;0;0;0;0;0;0;0;940;0
888;tj Tynan1;LAK;LAK;C;2;0;0;0;0;0;0;787500;941;0
889;Steven Fogarty;MIN;BOS;C;2;0;0;0;0;0;0;762500;942;0
890;Kyle Rau;None;MIN;C;5;0;0;0;0;0;0;0;943;0
891;Rocco Grimaldi;None;NSH;R;7;0;0;0;0;0;0;0;944;0
892;Sven Baertschi;None;VGK;L;1;0;0;0;0;0;0;0;945;0
893;Stefan Noesen;CAR;CAR;R;2;0;0;0;0;0;0;762500;946;0
894;Seth Griffith;EDM;EDM;C;1;0;0;0;0;0;0;762500;947;0
895;Turner Elson;NYR;DET;C;2;0;0;0;0;0;0;762500;948;0
896;Kurtis Gabriel;None;CHI;R;2;0;0;0;0;0;0;0;949;0
897;Stefan Matteau;None;COL;C;1;0;0;0;0;0;0;0;950;0
898;Paul LaDue;NYI;NYI;D;1;0;0;0;0;0;0;762500;951;0
899;Riley Barber;DAL;DET;R;4;0;0;0;0;0;0;750000;952;0
900;Tyler Lewington;None;BOS;D;2;0;0;0;0;0;0;0;953;0
901;Hudson Fasching;NYI;ARI;R;11;0;0;0;0;0;0;750000;954;0
902;Mason Geertsen;NJD;NJD;D;25;0;0;0;0;0;0;750000;955;0
903;Miles Wood;NJD;NJD;L;3;0;0;0;0;0;0;3200000;956;0
904;Remi Elie;None;TBL;L;1;0;0;0;0;0;0;0;957;0
905;Dillon Heatherington;OTT;OTT;D;9;0;0;0;0;0;0;762500;958;0
906;Justin Bailey;None;VAN;R;14;0;0;0;0;0;0;0;959;0
907;Madison Bowey;MTL;VAN;D;2;0;0;0;0;0;0;750000;960;0
908;Frederik Gauthier;None;NJD;C;8;0;0;0;0;0;0;0;961;0
909;Dakota Mermis;MIN;MIN;D;2;0;0;0;0;0;0;750000;962;0
910;Brandon Baddock;MIN;MTL;L;1;0;0;0;0;0;0;750000;963;0
911;Michael Dal Colle;None;NYI;L;1;0;0;0;0;0;0;0;964;0
912;Ryan MacInnis;None;BUF;C;1;0;0;0;0;0;0;0;965;0
913;Chase De Leo;ANA;NJD;L;2;0;0;0;0;0;0;762500;966;0
914;Austin Poganski;SEA;WPG;R;16;0;0;0;0;0;0;750000;967;0
915;CJ Suess;SJS;WPG;L;3;0;0;0;0;0;0;775000;968;0
916;Anthony Angello;STL;PIT;C;4;0;0;0;0;0;0;750000;969;0
917;Darren Raddysh;TBL;TBL;D;4;0;0;0;0;0;0;762500;970;0
918;Brendan Guhle;None;ANA;D;6;0;0;0;0;0;0;0;971;0
919;Glenn Gawdin;ANA;CGY;C;2;0;0;0;0;0;0;762500;972;0
920;Guillaume Brisebois;VAN;VAN;D;1;0;0;0;0;0;0;750000;973;0
921;Blake Speers;None;ARI;C;2;0;0;0;0;0;0;0;974;0
922;Zach Senyshyn;None;OTT;R;2;0;0;0;0;0;0;0;975;0
923;Chase Pearson;DET;DET;C;3;0;0;0;0;0;0;917831;976;0
924;Kevin Stenlund;WPG;CBJ;C;3;0;0;0;0;0;0;750000;977;0
925;Christian Jaros;None;NJD;D;11;0;0;0;0;0;0;0;978;0
926;Brett Seney;CHI;TOR;L;2;0;0;0;0;0;0;750000;979;0
927;Kole Sherwood;None;NSH;R;1;0;0;0;0;0;0;0;980;0
928;Dan Renouf;None;DET;D;4;0;0;0;0;0;0;0;981;0
929;Joey Anderson;TOR;TOR;R;5;0;0;0;0;0;0;750000;982;0
930;Maxime Lajoie;CAR;CAR;D;5;0;0;0;0;0;0;750000;983;0
931;Wade Allison;PHI;PHI;R;1;0;0;0;0;0;0;785000;984;0
932;Olli Juolevi;ANA;FLA,DET;D;18;0;0;0;0;0;0;750000;985;0
933;Tim Gettinger;NYR;NYR;L;8;0;0;0;0;0;0;750000;986;0
934;William Lockwood;VAN;VAN;R;13;0;0;0;0;0;0;750000;987;0
935;Max Jones;ANA;ANA;L;2;0;0;0;0;0;0;1295000;988;0
936;Connor Bunnaman;FLA;PHI;C;15;0;0;0;0;0;0;750000;989;0
937;Sean Day;TBL;TBL;D;2;0;0;0;0;0;0;750000;990;0
938;Jacob MacDonald;COL;COL;D;8;0;0;0;0;0;0;762500;991;0
939;Anthony Greco;None;NYR;R;1;0;0;0;0;0;0;0;992;0
940;Tanner Laczynski;PHI;PHI;C;1;0;0;0;0;0;0;762500;993;0
941;Mikhail Maltsev;COL;COL;L;18;0;0;0;0;0;0;800000;994;0
942;Rhett Gardner;DAL;DAL;C;4;0;0;0;0;0;0;750000;995;0
943;Michael Eyssimont;WPG;WPG;C;1;0;0;0;0;0;0;750000;996;0
944;Chase Priskie;BUF;FLA;D;4;0;0;0;0;0;0;800000;997;0
945;Kristians Rubins;OTT;TOR;D;3;0;0;0;0;0;0;750000;998;0
946;Mason Shaw;MIN;MIN;C;3;0;0;0;0;0;0;750000;999;0
947;Conor Timmins;ARI;ARI;D;6;0;0;0;0;0;0;850000;1000;0
948;Cale Fleury;SEA;SEA;D;9;0;0;0;0;0;0;750000;1001;0
949;Jaret Anderson Dolan;LAK;LAK;C;7;0;0;0;0;0;0;750000;1002;0
950;Dmitri Samorukov;EDM;EDM;D;1;0;0;0;0;0;0;775000;1003;0
951;Jack Rathbone;VAN;VAN;D;9;0;0;0;0;0;0;850000;1004;0
952;Pierre Olivier Joseph;PIT;PIT;D;4;0;0;0;0;0;0;825000;1005;0
953;CJ Smith;NYR;CAR;L;1;0;0;0;0;0;0;750000;1006;0
954;Mike Vecchione;None;WSH;R;1;0;0;0;0;0;0;0;1007;0
955;Johnathan Kovacevic;WPG;WPG;D;4;0;0;0;0;0;0;766667;1008;0
956;Jakub Galvas;CHI;CHI;D;6;0;0;0;0;0;0;867500;1009;0
957;Ben Jones;None;VGK;C;2;0;0;0;0;0;0;0;1010;0
958;Wyatt Kalynuk;VAN;CHI;D;5;0;0;0;0;0;0;750000;1011;0
959;Alexander True;None;SEA;C;8;0;0;0;0;0;0;0;1012;0
960;Joey Keane;None;CAR;D;1;0;0;0;0;0;0;0;1013;0
961;Sheldon Rempal;VGK;VAN;R;1;0;0;0;0;0;0;762500;1014;0
962;Nicolas Beaudin;CHI;CHI;D;2;0;0;0;0;0;0;863333;1015;0
963;Martin Kaut;COL;COL;R;6;0;0;0;0;0;0;863333;1016;0
964;Alexander Alexeyev;WAS;WSH;D;1;0;0;0;0;0;0;863333;1017;0
965;Filip Hallander;PIT;PIT;C;1;0;0;0;0;0;0;764167;1018;0
966;Grigori Denisenko;FLA;FLA;L;1;0;0;0;0;0;0;925000;1019;0
967;Sampo Ranta;COL;COL;L;10;0;0;0;0;0;0;925000;1020;0
968;Ty Dellandrea;DAL;DAL;C;1;0;0;0;0;0;0;863333;1021;0
969;Liam Foudy;CLB;CBJ;C;1;0;0;0;0;0;0;762500;1022;0
970;Cameron Hillis;MTL;MTL;C;1;0;0;0;0;0;0;838333;1023;0
971;Jordan Gross;NAS;COL;D;1;0;0;0;0;0;0;762500;1024;0
972;Declan Chisholm;WPG;WPG;D;2;0;0;0;0;0;0;815000;1025;0
973;Hunter Drew;ANA;ANA;D;2;0;0;0;0;0;0;793333;1026;0
974;David Gustafsson;WPG;WPG;C;2;0;0;0;0;0;0;775000;1027;0
975;Egor Sokolov;OTT;OTT;L;8;0;0;0;0;0;0;818333;1028;0
976;Cole Reinhardt;OTT;OTT;L;1;0;0;0;0;0;0;813333;1029;0
977;Brayden Pachal;VGK;VGK;D;2;0;0;0;0;0;0;750000;1030;0
978;Egor Zamula;None;PHI;D;10;0;0;0;0;0;0;0;1031;0
979;Samuel Fagemo;LAK;LAK;L;4;0;0;0;0;0;0;795000;1032;0
980;Jon Lizotte;None;MIN;D;1;0;0;0;0;0;0;0;1033;0
981;Kaedan Korczak;VGK;VGK;D;1;0;0;0;0;0;0;789167;1034;0
982;Brayden Tracey;ANA;ANA;L;1;0;0;0;0;0;0;863333;1035;0
983;Alex Turcotte;LAK;LAK;C;8;0;0;0;0;0;0;894167;1036;0
984;Artemi Kniazev;SJS;SJS;D;1;0;0;0;0;0;0;789167;1037;0
985;Victor Soderstrom;ARI;ARI;D;16;0;0;0;0;0;0;863333;1038;0
986;Pavel Dorofeyev;VGK;VGK;L;2;0;0;0;0;0;0;925000;1039;0
987;Cole Schwindt;CGY;FLA;C;3;0;0;0;0;0;0;855833;1040;0
988;Viktor Lodin;OTT;OTT;C;1;0;0;0;0;0;0;830000;1041;0
989;Tyce Thompson;NJD;NJD;R;2;0;0;0;0;0;0;762500;1042;0
990;Bryce Kindopp;ANA;ANA;R;1;0;0;0;0;0;0;925000;1043;0
991;Ben McCartney;ARI;ARI;L;2;0;0;0;0;0;0;813333;1044;0
992;Zachary Hayes;None;VGK;D;3;0;0;0;0;0;0;0;1045;0
993;Brandon Biro;BUF;BUF;L;1;0;0;0;0;0;0;762500;1046;0
994;Cole Smith;NAS;NSH;L;8;0;0;0;0;0;0;750000;1047;0
995;Mitchell Chaffee;MIN;MIN;R;2;0;0;0;0;0;0;750000;1048;0
996;Marco Rossi;MIN;MIN;C;2;0;0;0;0;0;0;863333;1049;0
997;Jacob Perreault;ANA;ANA;R;1;0;0;0;0;0;0;863333;1050;0
998;JJ Peterka;None;BUF;R;2;0;0;0;0;0;0;0;1051;0
999;Isaak Phillips;CHI;CHI;D;4;0;0;0;0;0;0;859167;1052;0
1000;Adam Raska;SJS;SJS;R;5;0;0;0;0;0;0;848333;1053;0
